:020000040800F2
:10000000681000202103000849B7000845A1000836
:1000100045B700088D0A000805CB00083303000827
:1000200000000000000000000000000071BC00089B
:100030000917000800000000B9B700084DBD00080E
:100040003D0300083D0300083D0300083D03000890
:100050003D0300083D0300083D0300083D03000880
:100060003D0300083D0300083D0300083D03000870
:100070003D0300083D0300083D0300083D03000860
:100080003D0300083D0300083D0300083D03000850
:100090003D0300083D0300083D0300083D03000840
:1000A0000D1700083D0300083D0300082117000854
:1000B0003D0300083D0300083D0300083D03000820
:1000C0003D0300083D0300083D0300083D03000810
:1000D0003D0300088D0600083D0300083D030008AD
:1000E0003D0300083D0300083D0300083D030008F0
:1000F0003D0300083D0300083D0300083D030008E0
:100100003D03000861BF00083D0300083D030008EF
:100110003D0300083D0300083D0300083D030008BF
:100120003D0300083D0300083D0300083D030008AF
:100130003D0300083D0300083D0300083D0300089F
:100140003D0300083D0300083D0300083D0300088F
:100150003D0300083D0300083D0300083D0300087F
:10016000000000000000000025CA00083D03000850
:100170003D0300083D0300083D0300083D0300085F
:100180003D0300083D0300083D0300080000000097
:10019000000000003D030008000000000000000017
:1001A00000000000000000003D0300083D030008BF
:1001B0003D0300083D0300083D0300083D0300081F
:1001C0003D0300083D03000800000000000000009F
:1001D0000000000000000000000000003D030008D7
:1001E0003D0300083D03000800000000000000007F
:1001F0003D0300083D0300083D0300080000000027
:10020000000000003D0300083D0300083D03000816
:100210003D0300083D0300083D0300083D030008BE
:100220003D03000800000000000000003D0300083E
:100230003D03000800000000000000000000000076
:100240000000000000000000000000003D03000866
:100250003D03000800F002F800F052F814A696E8FA
:10026000000CB244B344DA4501D100F049F8BAE8D1
:100270000F000FA696E83000A5EB040504EB060777
:10028000AAEB0704A7F101074FEA15154FEA34144A
:10029000A4F10104AC4201D300F032F813F0010FD5
:1002A00018BFFB1A43F0010300F001F8DBE7184721
:1002B0002834010048340100103A24BF78C878C1BE
:1002C000FAD8520724BF30C830C144BF04680C605C
:1002D000704700007047000000230024002500261E
:1002E000103A28BF78C1FBD8520728BF30C148BF99
:1002F0000B6070471FB513F051F91FBD10B510BD4D
:1003000000F08AF91146FFF7F5FF0FF0D1FA00F07F
:10031000A8F903B4FFF7F2FF03BC00F0AFF9000047
:100320000A4880470A480047FEE7FEE7FEE7FEE787
:10033000FEE7FEE7FEE7FEE7FEE7FEE7FEE700007A
:1003400004480549054A064B7047000029BE0008CD
:1003500055020008680A002068100020680C002080
:10036000680C002053EA020C00F069802DE9F04B84
:100370004FF00006002B1FBFB3FA83F503FA05F414
:1003800024FA05F65E4012BF1643B2FA82F502FA6D
:1003900005F4C5F120051EBF22FA05FC44EA0C0451
:1003A000203556EA044C4FEA144418BF641C4FF041
:1003B00000084FF00009904271EB030C39D300297B
:1003C00019BFB1FA81F701FA07F6B0FA80F700FA1F
:1003D00007F6C7F120071EBF20FA07FC46EA0C0605
:1003E0002037B6FBF4FCA7EB0507103F07F01F0B07
:1003F000CBF120062CFA06F60CFA0BFB44BFB346F1
:100400000026202FA4BF5E464FF0000B5BEA060CCF
:1004100008BF4FF0010B19EB0B0948EB0608ABFBCB
:10042000027C06FB02CC0BFB03CCC01B71EB0C0166
:10043000C1E70B46024641464846BDE8F08B13B57E
:10044000084318BF4FF0FF300146AFF30080BDE80E
:100450001C40704710B5431C02E010F8011B71B13D
:100460008107FAD14FF0013202C88C1A8C4314EA8A
:10047000C211F9D0C01A0A0603D0C01E10BDC01A9E
:1004800010BD0A0401D0801E10BD0902FCD0401E20
:1004900010BD032A40F2308010F0030C00F01580EC
:1004A00011F8013BBCF1020F624498BF11F801CB77
:1004B00000F8013B38BF11F8013BA2F1040298BFDC
:1004C00000F801CB38BF00F8013B11F0030300F046
:1004D0007180083AC0F0088051F8043B083A51F89E
:1004E00004CBA0E80810F5E7121D5CBF51F8043BEF
:1004F00040F8043BAFF30080D20724BF11F8013B62
:1005000011F801CB48BF11F8012B24BF00F8013BC3
:1005100000F801CB48BF00F8012B70474FF00002F4
:100520000429C0F0128010F0030C00F01B80CCF105
:10053000040CBCF1020F18BF00F8012BA8BF20F873
:10054000022BA1EB0C0100F00DB85FEAC17C24BFC7
:1005500000F8012B00F8012B48BF00F8012B704771
:100560004FF0000200B5134694469646203922BF4C
:10057000A0E80C50A0E80C50B1F12001BFF4F7AF97
:10058000090728BFA0E80C5048BF0CC05DF804EB79
:10059000890028BF40F8042B08BF704748BF20F8E7
:1005A000022B11F0804F18BF00F8012B70477047E5
:1005B0007047704710B5203AC0F00B80B1E8185072
:1005C000A0E81850B1E81850A0E81850203ABFF43D
:1005D000F5AF5FEA027C24BFB1E81850A0E81850DC
:1005E00044BF18C918C0BDE810405FEA827C24BF30
:1005F00051F8043B40F8043B08BF7047D20728BFBE
:1006000031F8023B48BF11F8012B28BF20F8023B0C
:1006100048BF00F8012B7047754600F02BF8AE4636
:1006200005006946534620F00700854618B020B5FE
:10063000FFF786FEBDE820404FF000064FF00007B0
:100640004FF000084FF0000BAC46ACE8C009ACE836
:10065000C009ACE8C009ACE8C00921F007018D462B
:10066000704710B50446AFF300802046BDE8104047
:10067000FFF74FBE0048704758000020014918207E
:10068000ABBEFEE7260002007047000080B540F2D6
:10069000B430C2F2000001F08BFC80BD80B582B0A6
:1006A00001900198C06D00900098806D10F0500F7F
:1006B0004BD1FFE70099886D40F400708865009881
:1006C000006800680007002821D5FFE7009800684F
:1006D00009F0D8FDD0B1FFE700980068C068800439
:1006E000002812D4FFE70099886D20F48070886597
:1006F0000098806DC004002806D4FFE70099886D3B
:1007000040F001008865FFE7FFE7FFE719E0009888
:100710000068C0688007002812D4FFE70099886D40
:1007200020F4807088650098806DC004002806D48D
:10073000FFE70099886D40F001008865FFE7FFE75B
:10074000FFE7009801F028FC10E00098806DC006DB
:10075000002804D5FFE7009801F026FC05E000988A
:10076000006D816E01988847FFE7FFE702B080BD0A
:1007700080B582B001900198C06D00900099886D9D
:1007800040F0400088650099C86D40F00400C865DD
:10079000009801F009FC02B080BD000080B582B075
:1007A00001900198C06D0090009801F0F9FB02B033
:1007B00080BD000080B584B00290002000900298B7
:1007C000006809F047FD002872D1FFE70298006831
:1007D00080683F21C8F2000108420ED0FFE702996D
:1007E000886D40F0100088650299C86D40F00100E6
:1007F000C86501208DF80F005EE00298006809F0DE
:10080000AFFC48F20030C4F2022009F0DFFC000225
:1008100000281AD5FFE740F21400C2F20000006879
:10082000800942F66351C0F23E51A0FB01108109DC
:10083000022000EB41000090FFE7009820B1FFE7A5
:10084000009801380090F8E7FFE703F077FB01908C
:10085000FFE7029800680068C00740BBFFE7029806
:10086000006809F0F7FC28B9FFE70298006809F072
:1008700077FCFFE703F062FB0199401A032815D3C8
:10088000FFE7029800680068C00770B9FFE70299A7
:10089000886D40F0100088650299C86D40F0010035
:1008A000C86501208DF80F0006E0FFE7D1E7FFE7FC
:1008B00000208DF80F00FFE79DF80F0004B080BD09
:1008C00080B540F6A800C2F2000009F089F940F2B4
:1008D000B430C2F2000040F27931C2F200010822C5
:1008E00002F036F880BD000080B586B08DF81700A4
:1008F0000491002003909DF81700012804DBFFE716
:100900006FF0010003901CE09DF8170040F2944244
:10091000C2F2000201929421029110FB012000F02A
:10092000B7F8019A02999DF8170010FB012004996D
:100930000AF0DEF820B1FFE76FF003000390FFE755
:10094000FFE7039806B080BD81B08DF8030001B0C9
:100950007047000080B582B08DF807009DF8070051
:1009600000EB400140F22850C2F2000000EB810091
:1009700003F00CF802B080BD80B58AB08DF8270076
:100980008DF82610FFE740F68C40C4F20240016863
:1009900041F004010160006800F004000390039836
:1009A000FFE79DF8271043F2D650C0F6010030F85B
:1009B000110004900220069007909DF8260070B95F
:1009C000FFE7002005909DF8271040F20800C2F2D2
:1009D000000050F8210004A903F0F8F84CE00020D2
:1009E000C1F2110005909DF8271040F20800C2F2F4
:1009F000000050F8210004A903F0E8F89DF8272032
:100A000002EB420140F22850C2F20000009000EBDD
:100A1000810043F2D051C0F6010151F8221002F0DA
:100A20009FFF00989DF8272002EB420100EB810018
:100A300040F20401C2F2000151F82220002101918C
:100A400002F0EEFF019A9DF8273043F2D450C0F631
:100A50000100029030F9130040F20001C2F20001DF
:100A600051F8231003F06EFB02989DF8271030F91F
:100A7000110003F05DFBFFE700200AB080BD00001D
:100A800080B50020FFF760FF80BD0000FFE7FEE7B4
:100A900080B58EB00D90FFE740F68C40C4F2024066
:100AA000016841F001010160006800F00100079059
:100AB0000798FFE7FFE740F68C40C4F20240016868
:100AC00041F001010160006800F001000690069805
:100AD000FFE7FFE740F69C40C4F20240016841F4A2
:100AE00000310160006800F4003005900598FFE7D0
:100AF000042008900220019009900B9001200A9098
:100B0000072002900C900020C4F20220039008A954
:100B1000049103F05BF8019B029A039804994FF04B
:100B2000080CCDF820C009930C9203F04FF80EB0DA
:100B300080BD000083B002900191029B1A69586940
:100B40009969D3F81CC040EA0C00DB6B18431043D2
:100B500008430199086002980078800600281BD598
:100B6000FFE702994A6A8B6AC86A896B08430021C9
:100B7000CFF6F07101EB035101F07C7108436FF087
:100B80000F0101EB021101F47C7140EA01020199AD
:100B9000086810430860FFE702984168006B40F264
:100BA000FF2211400843019948600298C068B0F5DF
:100BB000806F0DD1FFE7029800788006002806D5E7
:100BC000FFE70199486840F480604860FFE70DE066
:100BD0000298C068B0F5007F06D1FFE70199486828
:100BE00040F40070486000E0FFE7FFE70298426BC6
:100BF00001994868104348600298406C70B1FFE763
:100C00000299086C4A6C896C104301F03F0140EA7C
:100C100001420199486810434860FFE70298B0F824
:100C2000680001998860029800788007002859D5EB
:100C3000FFE70298C16C0020CFF6FF7000EB014087
:100C40000021C0F2FF7100EA010201998868104397
:100C500088600298006DB0F1FF3F06DCFFE7019964
:100C6000886840F08050886005E00199886820F02D
:100C700080508860FFE70298406DB0F1FF3F06DCCE
:100C8000FFE70199886840F00050886005E001990D
:100C9000886820F000508860FFE70298806DB0F10E
:100CA000FF3F06DCFFE70199886840F080408860DC
:100CB00005E00199886820F080408860FFE702988D
:100CC000C06DB0F1FF3F06DCFFE70199886840F096
:100CD0000040886005E00199886820F00040886045
:100CE000FFE7FFE70298006E0199C8600298406E26
:100CF0000199086102980078800700286AD5FFE70B
:100D00000298006DB0F1FF3F0ADCFFE70298006D2A
:100D10004042009000986FF35F300199486106E00F
:100D20000298006D6FF35F3001994861FFE7029808
:100D3000406DB0F1FF3F0FDCFFE70298406D40428D
:100D4000009000990020C1F6FF7000EA014201996D
:100D50004869104348610BE00298416D0020C1F6DC
:100D6000FF7000EA01420199486910434861FFE7BA
:100D70000298806DB0F1FF3F09DCFFE70298806DBB
:100D800040420090BDF800000199886105E002989A
:100D9000B0F8580001998861FFE70298C06DB0F182
:100DA000FF3F0BDCFFE70298C06D40420090009AC5
:100DB0000199886940EA0240886107E00298C26DA3
:100DC0000199886940EA02408861FFE701990020A3
:100DD000C86103E0019900204861FFE702980068BC
:100DE00001990862029800788007002806D5FFE77D
:100DF0000199086A40F4E060086205E00199086A18
:100E000040F4A0600862FFE703B0704786B004902A
:100E100003910292049803990843029908434FF6FC
:100E2000FF718843019000200090049818B1FFE7FB
:100E3000049800900EE0039818B1FFE70398009023
:100E400007E0029818B1FFE70298009000E0FFE782
:100E5000FFE7FFE70198BDF80210B0EB014F03D0A8
:100E6000FFE70120059002E000200590FFE70598CC
:100E700006B0704785B00390029101920020009067
:100E8000039828B1FFE7039890F82000009012E043
:100E9000029828B1FFE7029890F82000009009E03E
:100EA000019828B1FFE7019890F82000009000E039
:100EB000FFE7FFE7FFE7029858B1FFE700980299C4
:100EC00091F82010884203D0FFE70220049011E03F
:100ED000FFE7019858B1FFE70098019991F82010B9
:100EE000884203D0FFE70320049003E0FFE70020DF
:100EF0000490FFE7049805B07047000089B00790A0
:100F000006910592002004900390029005980068D5
:100F10000190069828BBFFE7FFE7049807998968C6
:100F200088421DD2FFE7049838B9FFE707980068A8
:100F30004FF6FC71084003900EE00398029003986E
:100F40000799498800EB0140019950F821004FF6BC
:100F5000FC7108400390FFE7049801300490DCE73F
:100F600034E0FFE7049907988268002091420090DE
:100F70000AD2FFE7039806994FF6FC721140401A17
:100F800018BF01200090FFE70098C007E8B1FFE715
:100F9000049838B9FFE7079800684FF6FC710840DD
:100FA00003900EE00398029003980799498800EB9C
:100FB0000140019950F821004FF6FC710840039060
:100FC000FFE7049801300490CCE7FFE7069860B192
:100FD000FFE7039806994FF6FC721140884203D050
:100FE000FFE70120089029E0FFE704980599886051
:100FF00002980799498840EA01400599486003989A
:101000000799498840EA01400599C8600598C06879
:10101000019950F8210070B1FFE70599C868019A5D
:1010200050F822004FF6FC721040079A528840EAAE
:1010300002400861FFE700200890FFE7089809B028
:101040007047000083B0029001910092029890F8DE
:1010500020008007002811D5FFE7019830B1FFE795
:1010600001990020CFF601600860FFE7009820B1E9
:10107000FFE7009907200860FFE710E0019830B112
:10108000FFE701990020CFF601000860FFE7009814
:1010900020B1FFE7009905200860FFE7FFE703B0F4
:1010A0007047000083B002900191019890F82000F1
:1010B000029908600198006800F008000299086130
:1010C0000198006800F400200299486101980068C6
:1010D00000F00300029988610198006800F4403034
:1010E0000299C8610198006800F47C71012000EB4E
:1010F0001111029A51620199096801F07C7100EBAB
:101100001150029988620198006800F0402002990D
:10111000C8620198006842F20001C0F60041084030
:10112000029988630198006800F4C0500299C8636E
:10113000019840798007002807D5FFE702994FF40E
:10114000007048600299C86013E001980079029924
:101150004860019840794007002805D5FFE70299CB
:101160004FF48060C86003E002990020C860FFE788
:10117000FFE70198406800F40060029988600198D8
:10118000406800F44040029908640198406800F00B
:1011900040700299486401984068C0F30540029984
:1011A00088640198406800F0404002990863019803
:1011B00000890299886602980078800700280CD57B
:1011C000FFE7019880680021C0F2FF710140012013
:1011D00000EB11400299C86403E002990120C86441
:1011E000FFE70198C06802990866019800690299B2
:1011F0004866029800788007002851D5FFE70198DB
:1012000040696FF35F30ADF80200BDF8020002994B
:10121000086501984069C0F30C40ADF80200BDF8C4
:101220000200029948650198C07AC006002805D5D9
:10123000FFE70299086D40420865FFE70198C07A10
:101240008006002805D5FFE70299486D40424865B1
:10125000FFE701988069ADF80200BDF8020002992D
:1012600088650198408BADF80200BDF80200029934
:10127000C8650198C07A4006002805D5FFE70299A5
:10128000886D40428865FFE70198C07A0006002813
:1012900005D5FFE70299C86D4042C865FFE709E040
:1012A00002990020086502994865029988650299AB
:1012B000C865FFE703B0704784B003900399886B5B
:1012C000C96B084302900398016801205022C4F2C0
:1012D00002029142019000F06781FFE703980168E4
:1012E00001205022C5F202029142019000F05C817F
:1012F000FFE7039801680120D022C4F20202914264
:10130000019000F05181FFE7039801680120D0228D
:10131000C5F202029142019000F04681FFE7039876
:101320000168012040F25012C4F202029142019081
:1013300000F03A81FFE703980168012040F2501263
:10134000C5F202029142019000F02E81FFE703985E
:101350000168012040F2D012C4F2020291420190D1
:1013600000F02281FFE703980168012040F2D012CB
:10137000C5F202029142019000F01681FFE7039846
:101380000168012040F25022C4F202029142019011
:1013900000F00A81FFE703980168012040F2502223
:1013A000C5F202029142019000F0FE80FFE703982F
:1013B0000168012040F2D022C4F202029142019061
:1013C00000F0F280FFE703980168012040F2D0228C
:1013D000C5F202029142019000F0E680FFE7039817
:1013E0000168012040F25032C4F2020291420190A1
:1013F00000F0DA80FFE703980168012040F25032E4
:10140000C5F202029142019000F0CE80FFE70398FE
:101410000168012040F2D032C4F2020291420190F0
:1014200000F0C280FFE703980168012040F2D0324B
:10143000C5F202029142019000F0B680FFE70398E6
:101440000168012041F25002C4F20202914201906F
:1014500000F0AA80FFE703980168012041F25002E2
:10146000C5F202029142019000F09E80FFE70398CE
:101470000168012041F2D002C4F2020291420190BF
:1014800000F09280FFE703980168012041F2D0024A
:10149000C5F202029142019000F08680FFE70398B6
:1014A0000168012041F25012C4F2020291420190FF
:1014B0007AD0FFE703980168012041F25012C5F28B
:1014C0000202914201906FD0FFE70398016801206A
:1014D00041F2D012C4F202029142019064D0FFE7BF
:1014E00003980168012041F2D012C5F20202914234
:1014F000019059D0FFE703980168012041F2502282
:10150000C4F20202914201904ED0FFE703980168B5
:10151000012041F25022C5F202029142019043D0D3
:10152000FFE703980168012041F2D022C4F20202D1
:101530009142019038D0FFE703980168012041F201
:10154000D022C5F20202914201902DD0FFE703980C
:101550000168012041F25032C4F20202914201902E
:1015600022D0FFE703980168012041F25032C5F212
:1015700002029142019017D0FFE703980168012011
:1015800041F2D032C4F20202914201900CD0FFE746
:10159000039800684EF63041CAF6FD710844B0FA6F
:1015A00080F040090190FFE70198C00730B1FFE7E4
:1015B0000398016C029808430290FFE703980068C3
:1015C000406920F44300029908430399096848617F
:1015D000039801680020086403990A68496C516403
:1015E00003990968886403990968C86403990968BC
:1015F000086503980168012040F25032C4F20202EB
:10160000914200904ED0FFE703980168012040F21C
:101610005032C5F202029142009043D0FFE7039896
:101620000168012040F2D032C4F2020291420090DF
:1016300038D0FFE703980168012040F2D032C5F2AC
:101640000202914200902DD0FFE70398016801202B
:1016500041F25032C4F202029142009022D0FFE7E0
:1016600003980168012041F25032C5F20202914212
:10167000009017D0FFE703980168012041F2D032B3
:10168000C4F20202914200900CD0FFE70398006878
:101690004EF63041CAF6FD710844B0FA80F04009B8
:1016A0000090FFE70098C00740B1FFE7039801688A
:1016B00000204865039909688865FFE70398016879
:1016C0000020C86704B0704784B003900291019273
:1016D000009303980068806C4FF6FF718843BDF853
:1016E00000100844039909688864039801684FF45E
:1016F000FE40C860029803990968C864019803997C
:101700000968086504B070477047000080B5002084
:10171000FFF720F980BD000072B6FFE7FEE700008A
:1017200080B540F21C40C2F2000001F03DFF80BDD8
:1017300081B0009001B0704781B0009001B0704757
:1017400081B0009001B0704781B0009001B0704747
:1017500081B0009001B0704780B5C0B020901F915B
:1017600000208DF87B001B901F98C0680021C4F2F8
:101770007F01884201D0FFE700E0FFE7FFE7209804
:1017800090F85400012804D1FFE702208DF887006B
:10179000FDE32099012081F85400FFE7FFE720983E
:1017A000006808F067FD002840F0DD83FFE71F9820
:1017B0000068012810D0FFE71F9800680221C0F2DE
:1017C000304188420DD1FFE71F98C0680021C4F264
:1017D0007F01884205D1FFE72098006808F0CEFC21
:1017E000FFE7209800681F990A68496808F056FDCD
:1017F0002098006808F03EFD1A902098006808F0D4
:101800000DFD19901A98002840F0B881FFE719984B
:10181000002840F0B381FFE71F988068B0F1004FC7
:101820000ED1FFE7209800681F990968002208F090
:1018300061FD209800684FF0004108F007FE0CE0C1
:10184000209800681F9A1168926808F053FD20984C
:101850000068002108F0FAFDFFE71F984069209911
:101860000968C96801F01801890888401D901F980F
:10187000006904281CD0FFE7209800681F990A68B7
:1018800009691D9B08F088FD209800681F9A11695E
:10189000926908F0B3FD209800681F9A1169127FC1
:1018A000013AB2FA82F25209520608F093FD64E15D
:1018B00020980068002108F0A1FC000348B9FFE768
:1018C00020980068002108F099FCC0F3846018900B
:1018D00018E020980068002108F090FC90FAA0F031
:1018E0003E903E9820B9FFE720208DF8FF0005E0EC
:1018F0003E98B0FA80F08DF8FF00FFE79DF8FF00FA
:101900001890FFE7189817901F980068000330B9E7
:10191000FFE71F980068C0F38460169015E01F98D9
:10192000006890FAA0F03C903C9820B9FFE7202096
:101930008DF8F70005E03C98B0FA80F08DF8F700DC
:10194000FFE79DF8F7001690FFE717981699884271
:1019500007D1FFE7209800680022114608F062FDD9
:10196000FFE720980068012108F048FC000348B90F
:10197000FFE720980068012108F040FCC0F3846074
:10198000159018E020980068012108F037FC90FAC3
:10199000A0F03A903A9820B9FFE720208DF8EF00A8
:1019A00005E03A98B0FA80F08DF8EF00FFE79DF877
:1019B000EF001590FFE7159814901F98006800033A
:1019C00030B9FFE71F980068C0F38460139015E0FA
:1019D0001F98006890FAA0F03890389820B9FFE777
:1019E00020208DF8E70005E03898B0FA80F08DF8F7
:1019F000E700FFE79DF8E7001390FFE714981399BD
:101A0000884207D1FFE7209800680121002208F0F2
:101A100009FDFFE720980068022108F0EFFB0003B2
:101A200048B9FFE720980068022108F0E7FBC0F3FF
:101A30008460129018E020980068022108F0DEFB14
:101A400090FAA0F03690369820B9FFE720208DF864
:101A5000DF0005E03698B0FA80F08DF8DF00FFE790
:101A60009DF8DF001290FFE7129811901F98006810
:101A7000000330B9FFE71F980068C0F3846010903E
:101A800015E01F98006890FAA0F03490349820B9BF
:101A9000FFE720208DF8D70005E03498B0FA80F0F9
:101AA0008DF8D700FFE79DF8D7001090FFE7119859
:101AB0001099884207D1FFE7209800680221002290
:101AC00008F0B0FCFFE720980068032108F096FBBF
:101AD000000348B9FFE720980068032108F08EFB57
:101AE000C0F384600F9018E020980068032108F08C
:101AF00085FB90FAA0F03290329820B9FFE72020C1
:101B00008DF8CF0005E03298B0FA80F08DF8CF0064
:101B1000FFE79DF8CF000F90FFE70F980E901F98FA
:101B20000068000330B9FFE71F980068C0F38460C5
:101B30000D9015E01F98006890FAA0F03090309852
:101B400020B9FFE720208DF8C70005E03098B0FAF3
:101B500080F08DF8C700FFE79DF8C7000D90FFE704
:101B60000E980D99884207D1FFE72098006803215D
:101B7000002208F057FCFFE7FFE7FFE72098006826
:101B800008F068FB002840F04481FFE720980068D7
:101B90001F9A1168D26808F0C9FB1F98C06800211D
:101BA000C4F27F01884240F03381FFE7209800684B
:101BB0000C901F980068000330B9FFE71F98006879
:101BC000C0F384600B9015E01F98006890FAA0F0B5
:101BD0002E902E9820B9FFE720208DF8BF0005E059
:101BE0002E98B0FA80F08DF8BF00FFE79DF8BF0097
:101BF0000B90FFE70B98013000F01F0009287DD8FB
:101C0000FFE71F980068000330B9FFE71F980068DE
:101C1000C0F384600A9015E01F98006890FAA0F065
:101C20002C902C9820B9FFE720208DF8B70005E014
:101C30002C98B0FA80F08DF8B700FFE79DF8B70058
:101C40000A90FFE70A98013000F01F008006099013
:101C50001F980068000330B9FFE71F980068C0F3C1
:101C60008460089015E01F98006890FAA0F02A9010
:101C70002A9820B9FFE720208DF8AF0005E02A98C8
:101C8000B0FA80F08DF8AF00FFE79DF8AF00089044
:101C9000FFE709980899013101F01F0201219140E5
:101CA000084307901F980068000330B9FFE71F98AA
:101CB0000068C0F38460069015E01F98006890FAF1
:101CC000A0F02890289820B9FFE720208DF8A700E1
:101CD00005E02898B0FA80F08DF8A700FFE79DF89E
:101CE000A7000690FFE707980699013101F01F0150
:101CF00001EB410140EA0150059082E01F98006825
:101D0000000330B9FFE71F980068C0F384600490B7
:101D100015E01F98006890FAA0F02690269820B948
:101D2000FFE720208DF89F0005E02698B0FA80F0AC
:101D30008DF89F00FFE79DF89F000490FFE704984F
:101D4000013000F01F00800603901F980068000318
:101D500030B9FFE71F980068C0F38460029015E077
:101D60001F98006890FAA0F02490249820B9FFE70B
:101D700020208DF8970005E02498B0FA80F08DF8C7
:101D80009700FFE79DF897000290FFE703980299FC
:101D9000013101F01F0201219140084301901F9879
:101DA0000068000330B9FFE71F980068C0F3846043
:101DB000009015E01F98006890FAA0F022902298F9
:101DC00020B9FFE720208DF88F0005E02298B0FAB7
:101DD00080F08DF88F00FFE79DF88F000090FFE7FF
:101DE00001990098013000F01F0000EB4002002034
:101DF000CFF6206000EB0250084340F000700590E1
:101E0000FFE70C9805991F9A926808F073FAFFE7AC
:101E1000FFE71F98408848F20801084200F0A280BE
:101E2000FFE748F20030C4F2022008F0CFF91C901E
:101E30001F9800680021CCF22131884233D1FFE79E
:101E40009DF87200000600282DD4FFE72098006856
:101E500048F20001C4F20221884223D1FFE71C9816
:101E600040F4000148F20030C4F2022008F086FA83
:101E700040F21400C2F200000068800942F663518B
:101E8000C0F23E51A0FB01108109022000EB41008D
:101E90001B90FFE71B9820B1FFE71B9801381B90B0
:101EA000F8E7FFE75DE01F9800680021C4F22931E0
:101EB000884219D1FFE79DF87300C007A0B9FFE77A
:101EC0002098006848F20011C4F2022188420AD129
:101ED000FFE71C9840F0807148F20030C4F2022005
:101EE00008F04CFAFFE73BE01F9800680021CCF2B5
:101EF000527188421AD1FFE79DF87200400600280F
:101F000014D4FFE72098006848F20001C4F20221CF
:101F100088420AD1FFE71C9840F4800148F2003063
:101F2000C4F2022008F02AFAFFE718E01F980068C0
:101F30000021C4F25A7188420FD1FFE7209800684F
:101F400048F20001C4F20221884205D0FFE7209840
:101F5000006808F01FF9FFE700E0FFE7FFE7FFE791
:101F6000FFE7FFE708E02099886D40F020008865D2
:101F700001208DF87B00FFE7FFE72099002081F822
:101F80005400FFE79DF87B008DF88700FFE79DF880
:101F9000870040B080BD000081B0009001B0704764
:101FA00081B0009001B0704781B0009001B07047DF
:101FB00080B58EB00D9000200C900D9800680068E0
:101FC0000B900D98006840680A9048F20030C4F207
:101FD000022008F00BF905909DF82C0080070028DE
:101FE0001AD5FFE79DF828008007002814D5FFE7E1
:101FF0000D98806DC006002806D4FFE70D99886D06
:1020000040F400608865FFE70D98FFF791FB0D989D
:10201000016802200860FFE79DF82C0040070028B7
:1020200006D5FFE70A9800F0040004280ED0FFE769
:102030009DF82C000007002840F19F80FFE79DF8E5
:1020400028000007002840F19880FFE70D98806D78
:10205000C006002806D4FFE70D99886D40F4007093
:102060008865FFE70D98006808F00CF900287CD01F
:10207000FFE70D98006848F20011C4F2022188427F
:1020800006D1FFE748F20000C4F20220049003E00A
:102090000D9800680490FFE704980D99096888423C
:1020A0000BD0FFE7059840B1FFE70598052804D05D
:1020B000FFE70598092805D1FFE70D980068C0687B
:1020C000079018E00D98006848F20011C4F2022150
:1020D000884206D1FFE748F20000C4F202200390D4
:1020E00003E00D9800680390FFE7039806900698B8
:1020F000C0680790FFE7079800F40050B0F5005F54
:1021000032D0FFE70D9800680068000700282AD544
:10211000FFE70D98006808F0ADF8C0B9FFE70D982B
:102120000168486820F00C0048600D99886D20F423
:10213000807088650D98806DC004002806D4FFE784
:102140000D99886D40F001008865FFE70AE00D9960
:10215000886D40F0100088650D99C86D40F0010051
:10216000C865FFE7FFE7FFE7FFE70D98FFF714FFFC
:102170000D9801680C200860FFE79DF82C00800690
:10218000002806D5FFE70A9800F0200020280ED08E
:10219000FFE79DF82C004006002840F1B680FFE7DD
:1021A0009DF828004006002840F1AF80FFE70D9819
:1021B000806DC006002806D4FFE70D99886D40F4B5
:1021C00000508865FFE70D98006808F02FF8099027
:1021D0000D98006808F056F808900D98006848F2CD
:1021E0000011C4F20221884206D1FFE748F2000044
:1021F000C4F20220029003E00D9800680290FFE70D
:1022000002980D99096888420BD0FFE7059840B104
:10221000FFE70598062804D0FFE70598072805D1B1
:10222000FFE70D980068C068079018E00D980068F7
:1022300048F20011C4F20221884206D1FFE748F2B9
:102240000000C4F20220019003E00D9800680190A4
:10225000FFE7019806900698C0680790FFE7099885
:1022600000284AD0FFE79DF81F00800700280AD504
:10227000FFE7089800283FD0FFE79DF81D00800683
:10228000002839D4FFE70D98006800684006002850
:1022900031D5FFE79DF81E00800600282AD4FFE70D
:1022A0000D98006807F0BAFFC0B9FFE70D98016804
:1022B000486820F0600048600D99886D20F48050D7
:1022C00088650D98806DC005002806D4FFE70D993C
:1022D000886D40F001008865FFE70AE00D99886D80
:1022E00040F0100088650D99C86D40F00100C86588
:1022F000FFE7FFE7FFE7FFE7FFE70D98FFF71CFAAF
:102300000D98016860200860FFE79DF82C0000062A
:10231000002813D5FFE79DF82800000600280DD5FA
:10232000FFE70D99886D40F4803088650D9800F0C6
:10233000FFF90D98016880200860FFE79DF82D00E7
:10234000C00798B1FFE79DF82900C00770B1FFE70B
:102350000D99886D40F4003088650D98FFF7F4F909
:102360000D9801684FF480700860FFE79DF82D001C
:102370008007002814D5FFE79DF829008007002872
:102380000ED5FFE70D99886D40F4802088650D9883
:10239000FFF7DEF90D9801684FF400700860FFE761
:1023A0009DF82C00C00600283ED5FFE79DF82800C8
:1023B000C006002838D5FFE70D98806B18B9FFE7F5
:1023C00001200C9019E0059860B1FFE748F2003059
:1023D000C4F2022007F002FF18B1FFE701200C90C1
:1023E000FFE709E00D980068C068C00718B1FFE773
:1023F00001200C90FFE7FFE7FFE70C9801280ED1C2
:10240000FFE70D99886D40F4806088650D99C86D6F
:1024100040F00200C8650D98FFF7C6FDFFE70D9874
:10242000016810200860FFE79DF82D004007002894
:1024300019D5FFE79DF829004007002813D5FFE7CD
:102440000D99886D40F4804088650D99C86D40F005
:102450000800C8650D9801684FF4806008600D9809
:10246000FFF76EF9FFE70EB080BD000080B588B0C1
:10247000069000208DF817000190069820B9FFE71C
:1024800001208DF81F004FE10698006940B1FFE779
:10249000069890F82000012801D1FFE7FFE7FFE749
:1024A0000698806D50B9FFE7069800F045F9069947
:1024B0000020C865069981F85400FFE70698006877
:1024C00007F0C0FE28B1FFE70698006807F03CFE61
:1024D000FFE70698006807F0C5FEF0B9FFE7069829
:1024E000006807F063FE40F21400C2F200000068CA
:1024F000800942F66351C0F23E51A0FB01108109F0
:10250000022000EB41000190FFE7019820B1FFE7B6
:10251000019801380190F8E7FFE70698006807F096
:10252000A1FE70B9FFE70699886D40F0100088653C
:102530000699C86D40F00100C86501208DF81700AC
:10254000FFE70698006807F095FE03900698806DF7
:10255000C006002800F1DA80FFE70398002840F069
:10256000D580FFE70698806D40F0020020F480706F
:10257000069988650698006807F06CFEE0B9FFE7E9
:1025800048F20000C4F2022007F064FE009048F216
:102590000010C4F2022007F05DFE014600980843D7
:1025A00048B9FFE70698416848F20030C4F20220BB
:1025B00007F0D6FEFFE7FFE706994A7E886B40EA00
:1025C00042308A68CB681843104391F8201040EAE3
:1025D00001400490069890F8200001280BD1FFE7F5
:1025E0000698416A0020CFF6FE7000EB4141049846
:1025F00008430490FFE70698806A50B1FFE7069908
:10260000886AC96A00F4787001430498084304900A
:10261000FFE706980068C06844F20701CFF6F07142
:1026200008400499084306990968C860069800683C
:10263000006920F04060069A1168126B104308612F
:102640000698006807F0EAFD02900398E8BBFFE7F0
:102650000298D0BBFFE70699087E91F834108003FA
:1026600040EA4100049006980068C06844F2020104
:1026700088430499084306990968C860069890F849
:102680003C00012819D1FFE706980068006940F274
:10269000FD7120EA0102069B1968186CD3F844E02A
:1026A000D3F848C040EA0E0040EA0C00DB6C184347
:1026B000104340F00100086106E0069801680869CF
:1026C00020F001000861FFE7FFE706980069012894
:1026D0000CD1FFE706980068006B20F00F00069A07
:1026E0001168D269013A1043086306E00698016850
:1026F000086B20F00F000863FFE70698806D40F03C
:10270000010020F002000699886508E00699886DAE
:1027100040F01000886501208DF81700FFE79DF854
:1027200017008DF81F00FFE79DF81F0008B080BD5F
:1027300081B0009001B0704780B5DEB05D900020A0
:102740005C905B905A905990589008A8D021FDF762
:1027500007FF5D98006848F20001C4F20221884238
:1027600040F0F480FFE7002009904FF40011089139
:10277000309008A803F0D2FE18B1FFE7FEF7CCFFB7
:10278000FFE7FFE740F68C40C4F20240016841F4E5
:1027900080610160006800F4806007900798FFE79F
:1027A000FFE740F68C40C4F20240016841F00401AA
:1027B0000160006800F0040006900698FFE7FFE75C
:1027C00040F68C40C4F20240016841F00101016012
:1027D000006800F0010005900598FFE7FFE740F66C
:1027E0008C40C4F20240016841F0020101600068BF
:1027F00000F0020004900498FFE72F205890032077
:1028000001905990002003905A9040F60000C4F2C5
:10281000022058A9029101F0D9F9019A029903986E
:10282000589259925A900020C4F2022001F0CEF939
:10283000019A029903980223589359925A9040F2B0
:102840000040C4F2022001F0C1F9039821213D911A
:102850003E903F90409041904FF400214291439030
:102860004490012146914791489049904A904E905A
:102870004B904C9040F2F801C2F200013DA800F0EC
:10288000A5F918B1FFE7FEF747FFFFE740F2C800E0
:10289000C2F2000040F2F802C2F20002002100F091
:1028A0009FFB18B1FFE7FEF737FFFFE740F2C800D4
:1028B000C2F2000000F034FD18B1FFE7FEF72CFF74
:1028C000FFE740F21C40C2F200005021C4F20201B6
:1028D000016000218163C1630164416481218164DD
:1028E00000F0BCF918B1FFE7FEF716FFFFE740F272
:1028F0001C40C2F2000040F2C801C2F2000100F028
:102900003DFC18B1FFE7FEF707FFFFE7FFE75D9823
:1029100040F21C41C2F2000101655D98C865FFE705
:1029200040F21C40C2F20000102100F003FE18B17A
:10293000FFE7FEF7F1FEFFE7252000900022114699
:1029400001F000FC009801F0F3FBFFE75EB080BDF2
:1029500080B5A4B022902191209248F20030C4F2B8
:10296000022007F043FC1E902298006807F082FCCA
:10297000002840F01E81FFE7FFE7229890F85400FE
:10298000012804D1FFE702208DF88F001AE1229977
:10299000012081F85400FFE7FFE71E9848B1FFE7E8
:1029A0001E98052805D0FFE71E98092840F0F680FC
:1029B000FFE72298FDF7FEFE8DF87F009DF87F006F
:1029C000002840F0E380FFE72298806D40F480709B
:1029D00040F601618843229988652298006848F290
:1029E0000011C4F20221884206D1FFE748F200003C
:1029F000C4F20220019003E0229800680190FFE7F2
:102A0000019822990968884203D0FFE71E9830B9DF
:102A1000FFE72299886D20F480108865FFE72298EF
:102A2000806DC004002806D5FFE72299C86D20F00C
:102A30000600C86503E022990020C865FFE72298D8
:102A4000016D40F29D60C0F6000008662298016D9D
:102A500040F29D70C0F6000048662298016D40F279
:102A60007170C0F600008866229801681C2008601A
:102A7000FFE72299002081F85400FFE722980168BF
:102A8000486840F01000486022980168C86840F02B
:102A90000100C8602298006D90F8500000060028E0
:102AA0004CD5FFE72298006D406F002841D0FFE72A
:102AB0002298006D406F0068D8B3FFE72298006D40
:102AC000406F016802A800F0AFF820B1FFE70120D5
:102AD0008DF88F0076E00898022804D1FFE720984F
:102AE00080001D900BE00898012804D1FFE7209892
:102AF00040001D9002E020981D90FFE7FFE71D9821
:102B00002299096D496F0968886022990868096DE2
:102B10004030496F0968C86021982299096D496F52
:102B2000096808612298006D00F060FC8DF87F0054
:102B300003E001208DF88F0044E022E02298006D30
:102B40008069022804D1FFE7209880001D900DE0E5
:102B50002298006D8069012804D1FFE72098400089
:102B60001D9002E020981D90FFE7FFE72298016882
:102B7000006D4031219A1D9B00F080FE8DF87F0092
:102B8000FFE72298006807F0A7FB06E0FFE722991D
:102B9000002081F85400FFE7FFE709E001208DF8ED
:102BA0007F00FFE72299002081F85400FFE7FFE74C
:102BB00003E002208DF87F00FFE79DF87F008DF88D
:102BC0008F00FFE79DF88F0024B080BD80B584B0F2
:102BD00002900191029818B1FFE7019820B9FFE730
:102BE00001208DF80F001AE0029800788006002876
:102BF00001D5FFE7FFE70298406C08B1FFE7FFE768
:102C0000029800788007002801D5FFE7FFE70298C7
:102C10000199FDF78FFF00208DF80F00FFE79DF869
:102C20000F0004B080BD000080B584B00290019117
:102C3000029818B1FFE7019820B9FFE701208DF84D
:102C40000F0007E002980199FEF72CFA00208DF89A
:102C50000F00FFE79DF80F0004B080BD80B584B081
:102C6000029001F06BF90190029820B9FFE7012072
:102C70008DF80F00AFE10298016801205022C4F2E4
:102C800002029142009000F06781FFE7029801681C
:102C900001205022C5F202029142009000F05C81B6
:102CA000FFE7029801680120D022C4F2020291429B
:102CB000009000F05181FFE7029801680120D022C6
:102CC000C5F202029142009000F04681FFE70298AF
:102CD0000168012040F25012C4F2020291420090B9
:102CE00000F03A81FFE702980168012040F250129B
:102CF000C5F202029142009000F02E81FFE7029897
:102D00000168012040F2D012C4F202029142009008
:102D100000F02281FFE702980168012040F2D01202
:102D2000C5F202029142009000F01681FFE702987E
:102D30000168012040F25022C4F202029142009048
:102D400000F00A81FFE702980168012040F250225A
:102D5000C5F202029142009000F0FE80FFE7029867
:102D60000168012040F2D022C4F202029142009098
:102D700000F0F280FFE702980168012040F2D022C3
:102D8000C5F202029142009000F0E680FFE702984F
:102D90000168012040F25032C4F2020291420090D8
:102DA00000F0DA80FFE702980168012040F250321B
:102DB000C5F202029142009000F0CE80FFE7029837
:102DC0000168012040F2D032C4F202029142009028
:102DD00000F0C280FFE702980168012040F2D03283
:102DE000C5F202029142009000F0B680FFE702981F
:102DF0000168012041F25002C4F2020291420090A7
:102E000000F0AA80FFE702980168012041F2500219
:102E1000C5F202029142009000F09E80FFE7029806
:102E20000168012041F2D002C4F2020291420090F6
:102E300000F09280FFE702980168012041F2D00281
:102E4000C5F202029142009000F08680FFE70298EE
:102E50000168012041F25012C4F202029142009036
:102E60007AD0FFE702980168012041F25012C5F2C2
:102E70000202914200906FD0FFE7029801680120A2
:102E800041F2D012C4F202029142009064D0FFE7F6
:102E900002980168012041F2D012C5F2020291426B
:102EA000009059D0FFE702980168012041F25022BA
:102EB000C4F20202914200904ED0FFE702980168EE
:102EC000012041F25022C5F202029142009043D00B
:102ED000FFE702980168012041F2D022C4F2020209
:102EE0009142009038D0FFE702980168012041F23A
:102EF000D022C5F20202914200902DD0FFE7029845
:102F00000168012041F25032C4F202029142009065
:102F100022D0FFE702980168012041F25032C5F249
:102F200002029142009017D0FFE702980168012049
:102F300041F2D032C4F20202914200900CD0FFE77D
:102F4000029800684EF63041CAF6FD710844B0FAA6
:102F500080F040090090FFE70098C00708B1FFE744
:102F6000FFE7FFE70299002081F84C00FFE7029994
:102F7000022081F8540002980168486940F0060078
:102F80004861FFE7029800684069C00798B1FFE711
:102F900000F0D4FF0199401A06280BD3FFE70299ED
:102FA000102088650299032081F8540001208DF8D3
:102FB0000F0010E0E6E70298FEF77EF90299886CB0
:102FC0000865029900208865029A012182F8541050
:102FD0008DF80F00FFE79DF80F0004B080BD0000E2
:102FE00080B58CB00A90099108920A9818B1FFE751
:102FF000089820B9FFE701208DF82F00B9E00A9862
:103000004069012807D1FFE70A99042008610120DF
:103010008DF82F00ADE00A9800680999089AFDF72D
:10302000F5FE38B1FFE70A990520086101208DF807
:103030002F009EE00A9800680999089AFDF71AFF88
:1030400038B1FFE70A990420086101208DF82F00AC
:103050008FE00A99022008730A99002008610898F5
:1030600007A906AAFDF7EEFF0A980068E0B9FFE796
:10307000099838B9FFE708980A9908600A99012069
:10308000886010E009980A99086008984FF6FC716A
:103090000840079908430999069A41F822000A99BD
:1030A00002208860FFE75BE0099878B9FFE70A989B
:1030B00000684FF6FC710840079908430899069A82
:1030C00041F8220008980A99086044E006980190A7
:1030D0000A98099901AAFDF711FFA0BBFFE7039821
:1030E0000A99896888421BD1FFE70A98406860B155
:1030F000FFE70A9840684FF6FC71084007990843BB
:103100000899069A41F82200FFE708984FF6FC71EB
:103110000840079908430999069A41F8220011E0EE
:103120000998069A50F82200089941F82200089858
:103130004FF6FC710840079908430999069A41F82F
:103140002200FFE706E00A990620086101208DF8B9
:103150002F000EE0FFE70A99886801308860FFE7DA
:103160000A99002008610A9A012111738DF82F0035
:10317000FFE79DF82F000CB080BD000085B00390E4
:103180000291039818B1FFE7029820B9FFE70120E8
:103190008DF81300BFE00398006D20B9FFE7012010
:1031A0008DF81300B7E0039890F854008DF80700ED
:1031B000039890F85400022805D0FFE79DF8070017
:1031C00005280DD1FFE7039940208865FFE70399A3
:1031D000002081F84C00FFE701208DF813009AE0F1
:1031E0000298007B022806D1FFE7029901200861BE
:1031F0008DF813008FE003980168012040F25032EF
:10320000C4F20202914200904ED0FFE70398016899
:10321000012040F25032C5F202029142009043D0A8
:10322000FFE703980168012040F2D032C4F20202A5
:103230009142009038D0FFE703980168012040F2E6
:10324000D032C5F20202914200902DD0FFE70398E0
:103250000168012041F25032C4F202029142009012
:1032600022D0FFE703980168012041F25032C5F2F5
:1032700002029142009017D0FFE7039801680120F5
:1032800041F2D032C4F20202914200900CD0FFE72A
:10329000039800684EF63041CAF6FD710844B0FA52
:1032A00080F040090090FFE70098C00778B9FFE779
:1032B0000298006890F820008007002807D5FFE7F3
:1032C00002990320086101208DF8130023E0039880
:1032D000006D81280CD1FFE70298406838B9FFE7FC
:1032E00002990420086101208DF8130013E00BE01F
:1032F0000298406838B1FFE7029904200861012074
:103300008DF8130007E0FFE7029803994867002053
:103310008DF81300FFE79DF8130005B0704700001B
:1033200080B58AB00890089820B9FFE701208DF891
:10333000270056E00898006838B9FFE7089902208E
:10334000086101208DF827004BE00898406888B19B
:10335000FFE7089801684068884204D1FFE7002031
:103360008DF827003DE008990420086101208DF8C0
:10337000270036E008984069012807D1FFE708993F
:103380000420086101208DF827002AE00899022016
:10339000087308990020009008610898006807A940
:1033A00006AAFDF74FFE009906980190089801AA19
:1033B000FDF7A4FD0098089909684FF6FC721140CA
:1033C000079A1143049A069B42F82310089A116841
:1033D000516008990861089A012111738DF827003E
:1033E000FFE79DF827000AB080BD000080B586B0D9
:1033F0000490049820B1FFE70498406F20B9FFE7DC
:1034000001208DF8170090E00498006D20B9FFE7C7
:1034100001208DF8170088E0049890F854008DF88A
:103420000F0004980068406900F4803002909DF815
:103430000F00012809D0FFE79DF80F00022863D193
:10344000FFE7029800285FD0FFE7049890F8540047
:10345000012852D1FFE7FFE7049890F84C000128BB
:1034600004D1FFE702208DF817005EE004990120E7
:1034700081F84C00FFE7FFE70499022081F854002F
:103480000499496F08730499002088650499496F6D
:10349000086104980168486940F4BA40486104989A
:1034A000406E38B1FFE704980168486940F4007045
:1034B0004861FFE70498006F38B1FFE7049801689E
:1034C000486940F400504861FFE70498406F006885
:1034D00001A90022FDF7B6FD04980168406F4088FD
:1034E0000004086004980168406F00684FF6FC72A1
:1034F0001040019A1043C867FFE7049801684869C3
:1035000040F0010048610CE0049940208865FFE725
:103510000499002081F84C00FFE701208DF8170086
:1035200003E000208DF81700FFE79DF8170006B0B4
:1035300080BD000085B003900291039820B9FFE799
:1035400001208DF813002AE00398006840F6FF710F
:1035500088430190039800685038C0F3C4110120DB
:10356000884000909DF80800C006002813D5FFE7AA
:10357000029800F01100112806D1FFE7009A019986
:1035800048681043486005E0009A019948689043F4
:103590004860FFE7FFE700208DF81300FFE79DF884
:1035A000130005B07047000080B584B00390039805
:1035B000006840F6FF718843029003980068503815
:1035C000C0F3C4110120884001900298C06801999D
:1035D00008400090009808B9FFE74DE103980068A3
:1035E00000694005002813D5FFE70398006840698B
:1035F000400500280BD5FFE7039801684FF4806071
:10360000C8600399886D40F001008865FFE7FFE717
:103610000398006800690005002813D5FFE70398A8
:1036200000684069000500280BD5FFE70398016892
:103630004FF40060C8600399886D40F0020088650F
:10364000FFE7FFE7039800680069C004002813D56E
:10365000FFE7039800684069C00400280BD5FFE726
:10366000039801684FF48050C8600399886D40F05A
:1036700004008865FFE7FFE70398006800694004DD
:10368000002813D5FFE7039800684069400400282C
:103690000BD5FFE7039801684FF48040C860039999
:1036A000886D40F008008865FFE7FFE70398006831
:1036B00000698005002816D5FFE703980068406977
:1036C000800500280ED5FFE7039801684FF40070CD
:1036D000C8600398406E20B1FFE70398416E8847A9
:1036E000FFE7FFE7FFE70398006800698004002810
:1036F00050D5FFE70398006840698004002848D54A
:10370000FFE7039801684FF40050C860039890F8F1
:10371000540004282FD1FFE703980168486920F47A
:103720000050486103980168486940F00200486110
:103730000399012081F85400039890F85000000686
:10374000002809D5FFE70398416F0120087303980B
:10375000016800208864FFE7FFE70399002081F8F3
:103760004C00FFE70398C06E20B1FFE70398C16EDD
:103770008847FFE780E00399052081F8540003980B
:10378000006F20B1FFE70398016F8847FFE7FFE76D
:10379000FFE7FFE7039800680069C005002842D5ED
:1037A000FFE7039800684069C00500283AD5FFE7A5
:1037B000039890F850000006002814D5FFE70398FE
:1037C0000068C06F70B9FFE703980068806C40B96B
:1037D000FFE70399012081F854000399496F0873AA
:1037E000FFE7FFE70AE003980068806C28B9FFE76D
:1037F0000399012081F85400FFE7FFE7039801686F
:103800004FF44070C860FFE70399002081F84C0036
:10381000FFE70398006E20B1FFE70398016E884729
:10382000FFE7FFE7FFE70398806D28B3FFE7039802
:103830000168486940F0020048610399012081F85D
:103840005400039890F850000006002805D5FFE7C3
:103850000398416F01200873FFE7FFE703990020F9
:1038600081F84C00FFE70398806E20B1FFE70398D2
:10387000816E8847FFE7FFE704B080BD80B586B062
:103880000490039102920193049820B9FFE701206C
:103890008DF817005FE00498006D20B1FFE701206C
:1038A0008DF8170057E0FFE7049890F84C000128C6
:1038B00004D1FFE702208DF817004CE004990120A5
:1038C00081F84C00FFE7FFE7049890F854000128C6
:1038D00030D1FFE70499022081F8540004990020B8
:1038E000886504980399029A019BFDF7EDFE049800
:1038F0000168486940F4BA4048610498406E38B1A4
:10390000FFE704980168486940F400704861FFE7E8
:103910000498006F38B1FFE704980168486940F4E3
:1039200000504861FFE704980168486940F00100D1
:1039300048610CE0049940208865FFE70499002065
:1039400081F84C00FFE701208DF8170003E000200C
:103950008DF81700FFE79DF8170006B080BD000046
:1039600083B001900091019820B9FFE701208DF804
:103970000B0006E000980199086000208DF80B000C
:10398000FFE79DF80B0003B07047000080B586B0DC
:10399000059005980068C0F3004001900598006804
:1039A00000F01F01012088400290019942F20C00B2
:1039B000C4F2024000EB41100490049800680299A0
:1039C00008400390039860B1FFE7029804990860EB
:1039D0000598406820B1FFE7059840688047FFE7F9
:1039E000FFE7019942F21000C4F2024000EB4110DF
:1039F000049004980068029908400390039860B10D
:103A0000FFE70298049908600598806820B1FFE7F5
:103A1000059880688047FFE7FFE706B080BD00009B
:103A200085B004908DF80F10029200208DF80700E9
:103A30009DF80F000146009140B1FFE70098012872
:103A40000BD0FFE7009802280BD00EE002980499F3
:103A500048600298049988600BE0029804994860D5
:103A600007E002980499886003E001208DF80700C0
:103A7000FFE79DF8070005B07047000085B004908F
:103A8000039100200090FFE703980099C8400028A8
:103A900000F09980FFE70398009A012191400840C7
:103AA00001900198002800F08A80FFE7009820F03C
:103AB000030042F26001C4F20241405802900098B3
:103AC00000F00300C1000F2000FA01F10298084045
:103AD0000290029804994FF60042CBF6FD52114035
:103AE000890A009A02F00302D2009140884233D141
:103AF000FFE7019A42F28001C4F202410868904354
:103B00000860019A42F28401C4F2024108689043BD
:103B10000860019A42F20001C4F202410868904331
:103B20000860019A42F20401C4F20241086890431D
:103B30000860009800F00300C1000F208840029048
:103B4000029B009820F0030142F26002C4F202429C
:103B5000885898438850FFE700984100032000FAF6
:103B600001F3049A116819431160DDF800C00CF0EC
:103B700007018A000F2101FA02F304996FF0030292
:103B800002EA5C020A44116A9943116200994900F1
:103B900000FA01F3049A916899439160009A012117
:103BA00001FA02F3049A516899435160009949005F
:103BB00000FA01F20499C8689043C860FFE70098D2
:103BC0000130009060E705B07047000085B00490B8
:103BD000039100200090FFE7039800680099C84017
:103BE000002800F06681FFE703980068009A012131
:103BF0009140084001900198002800F05681FFE7AD
:103C000003984068022805D0FFE70398406812280F
:103C100028D1FFE7049800996FF0030202EA5101EE
:103C20000844006A0290009800F0070081000F200D
:103C300000FA01F10298884302900398006900F0AD
:103C40000F00009901F00701890000FA01F10298C4
:103C50000843029002980499009B02EA530211441F
:103C60000862FFE704980068029000984100032072
:103C700000FA01F10298884302900398406800F02E
:103C800003000099490000FA01F1029808430290EC
:103C90000298049908600398406801280FD0FFE754
:103CA0000398406802280AD0FFE70398406811286B
:103CB00005D0FFE70398406812282FD1FFE704984A
:103CC0008068029000984100032000FA01F10298F8
:103CD000884302900398C0680099490000FA01F1F6
:103CE00002980843029002980499886004984068FA
:103CF00002900099012000FA01F102988843029095
:103D000003984068C0F30010009900FA01F102988E
:103D100008430290029804994860FFE703984068BE
:103D200000F0030003280CD1FFE70398406800F07F
:103D3000030003281DD1FFE703988068012818D0ED
:103D4000FFE70498C068029000984100032000FA41
:103D500001F1029888430290039880680099490015
:103D600000FA01F102980843029002980499C86091
:103D7000FFE70398C079C006002840F19580FFE76F
:103D8000009820F0030042F26002C4F20242805820
:103D90000290009800F00300C1000F2000FA01F12A
:103DA00002988843029004984FF60041CBF6FD51EB
:103DB0000840800A009901F00301C90000FA01F1EE
:103DC0000298084302900298009921F0030188505C
:103DD00042F20000C4F20240006802900199029889
:103DE0008843029003988079C006002805D5FFE734
:103DF0000199029808430290FFE7029842F20001FD
:103E0000C4F20241086042F20400C4F202400068B9
:103E10000290019902988843029003988079800665
:103E2000002805D5FFE70199029808430290FFE7B3
:103E3000029842F20401C4F20241086042F2840096
:103E4000C4F20240006802900199029888430290EF
:103E5000039880798007002805D5FFE7019902982B
:103E600008430290FFE7029842F28401C4F2024143
:103E7000086042F28000C4F202400068029001999A
:103E800002988843029003988079C00728B1FFE721
:103E90000199029808430290FFE7029842F28001DC
:103EA000C4F202410860FFE7FFE70098013000908C
:103EB00092E605B07047000082B00190ADF80210A4
:103EC00001980069BDF80210084204D0FFE7012004
:103ED0008DF8010003E000208DF80100FFE79DF858
:103EE000010002B07047000083B00290ADF80610E8
:103EF000029840690090009ABDF8060002EA0001AD
:103F0000904340EA01400299886103B07047000085
:103F100082B00190ADF802108DF801209DF80100EB
:103F200028B1FFE7BDF802000199886104E0BDF8FF
:103F3000020001998862FFE702B0704740F6601006
:103F4000C2F200000068704782B0019000208DF836
:103F5000030040F20040C4F203000068C00720B133
:103F6000FFE701208DF803000AE040F20041C4F2AF
:103F70000301086820F00400019A10430860FFE77D
:103F80009DF8030002B0704740F20041C4F2030103
:103F9000086840F0010008600020704740F25000BF
:103FA000C2F20000027840F66011C2F20001086817
:103FB000104408607047000080B582B0032000F014
:103FC000D9F803F01BFD40F62041C4F20241096814
:103FD00001F00F0243F2B851C0F60101895CC840FC
:103FE00040F21401C2F200010860042005F0B0FBA9
:103FF0000F2000F011F820B1FFE701208DF8070035
:1040000005E000F093F800208DF80700FFE79DF829
:10401000070002B080BD000080B586B0049000208B
:10402000039040F25000C2F20000007820B9FFE790
:1040300001208DF8170075E04EF21000CEF200005E
:1040400000684007002812D5FFE740F21400C2F2D2
:104050000000006840F25001C2F200010A784FF4FB
:104060007A71B1FBF2F1B0FBF1F0039040E005F0A2
:10407000E3FB02900298019040B1FFE7019801280C
:1040800016D0FFE70198022821D02FE040F214005B
:10409000C2F20000006840F25001C2F200010A784A
:1040A0004FF4FA51B1FBF2F1B0FBF1F003901EE0D6
:1040B00040F25000C2F2000001784FF47A70B0FB79
:1040C000F1F14FF4FA40B0FBF1F003900FE040F251
:1040D0005000C2F2000001784FF47A70B0FBF1F1A9
:1040E0004FF40040B0FBF1F0039000E0FFE7FFE782
:1040F000039805F07BFB20B1FFE701208DF8170046
:1041000010E004994FF0FF300022009200F01AF8FE
:104110000098049940F25402C2F2000211608DF836
:104120001700FFE79DF8170006B080BD704700003C
:1041300080B582B0ADF80600BDF9060008F000FDBC
:1041400002B080BD80B586B0ADF816000491039230
:1041500008F026FD0290BDF916000190029804991E
:10416000039A07F0F3FA0146019808F021FD06B022
:1041700080BD000080B582B00190019808F03AFD42
:1041800002B080BD82B00190019800680090019952
:104190000120C1F8D8020199002081F8CC02009AD0
:1041A000516D41F001015165009A516D41F00201DC
:1041B000516502B07047000080B58CB00A900A9833
:1041C00020B9FFE701208DF82F0006E10A9890F84A
:1041D000950240B9FFE70A99002081F894020A98F5
:1041E00000F000F9FFE70A99032081F895020A9888
:1041F000006808F053FC0A9B1868197C8DF82010A1
:1042000059689A68DB680793069205910599069AA2
:10421000079BDDF820C0EE46CEF800C008F0C6FBD4
:1042200040B1FFE70A99022081F8950201208DF83C
:104230002F00D2E00A980068002108F03DFC40B150
:10424000FFE70A99022081F8950201208DF82F00DE
:10425000C3E000208DF82700FFE79DF827000A99AA
:104260000979884239DAFFE70A989DF8271001EBAF
:10427000810100EBC101012048759DF827000A99D2
:1042800000EB800201EBC20108750A989DF8271027
:1042900001EB810100EBC1010020C8750A999DF86E
:1042A000272002EB820201EBC20148620A999DF8C5
:1042B000272002EB820201EBC20188620A999DF875
:1042C000272002EB820201EBC201C862FFE79DF8E2
:1042D000270001308DF82700BFE700208DF8270068
:1042E000FFE79DF827000A99097988423EDAFFE73F
:1042F0000A989DF8271001EB810100EBC101002015
:1043000081F855019DF827100A9A01EB810302EB11
:10431000C30282F854110A999DF8272002EB820209
:1043200001EBC20181F857010A999DF8272002EBA1
:10433000820201EBC201C1F864010A999DF82720AD
:1043400002EB820201EBC201C1F868010A999DF8F3
:10435000272002EB820201EBC201C1F86C01FFE7EA
:104360009DF8270001308DF82700BAE70A9B1868EE
:10437000197C8DF8101059689A68DB6803930292D3
:1043800001910199029A039BDDF810C0EE46CEF828
:1043900000C008F057FB40B1FFE70A99022081F8FE
:1043A000950201208DF82F0017E00A99002048742B
:1043B0000A99012081F895020A98007B012804D10E
:1043C000FFE70A98FFF7DEFEFFE70A98006808F0AB
:1043D0002FFB00208DF82F00FFE79DF82F000CB079
:1043E00080BD000080B5B8B0379002A8D021FCF79E
:1043F000B7F83798006846F20001C4F2010188421C
:1044000029D1FFE710200390002002903020339044
:1044100002A802F083F818B1FFE7FDF77DF9FFE786
:1044200000F01CF8FFE740F6A440C4F20240016827
:1044300041F080710160006800F080700190019887
:10444000FFE74A20009000221146FFF77BFE00980C
:10445000FFF76EFEFFE738B080BD000040F6380180
:10446000C4F20241086840F0007008607047000024
:1044700089B0089040F63440C4F2024000686FF3FF
:104480005F20059040F62840C4F20240016801F028
:10449000030107910168C1F3052106910068C0F38B
:1044A00000100490049840F63841C4F202410968B3
:1044B00089B2C90800FB01F000EE100AB8EE400A0C
:1044C0008DED020A0698002800F03D81FFE707986D
:1044D0000090012808D0FFE70098022830D0FFE7BD
:1044E0000098032849D065E040F60040C4F202403D
:1044F0000068C0F3C10149F20000C0F2D030C840EA
:1045000003909DED030AB8EE400A9DED061AB8EE41
:10451000411A80EE010A9DED051AB8EE411A9DED93
:10452000022A9FED8F3A82EE032A31EE021AB7EE8D
:10453000002A31EE021A20EE010A8DED010A65E033
:104540009DED060AB8EE401A9FED860A80EE010A3C
:104550009DED051AB8EE411A9DED022A9FED803AB5
:1045600082EE032A31EE021AB7EE002A31EE021A69
:1045700020EE010A8DED010A48E09DED060AB8EE35
:10458000401A9FED760A80EE010A9DED051AB8EEFD
:10459000411A9DED022A9FED723A82EE032A31EE16
:1045A000021AB7EE002A31EE021A20EE010A8DED52
:1045B000010A2BE040F60040C4F202400068C0F35C
:1045C000C10149F20000C0F2D030C84003909DED17
:1045D000030AB8EE400A9DED061AB8EE411A80EEC5
:1045E000010A9DED051AB8EE411A9DED022A9FEDD4
:1045F0005C3A82EE032A31EE021AB7EE002A31EE5F
:10460000021A20EE010A8DED010AFFE740F6004094
:10461000C4F2024000688001002827D5FFE740F679
:104620002840C4F202400068C003002819D5FFE703
:104630009DED010A40F63440C4F20240006880B2A9
:10464000400A01EE100AB8EE411AB7EE002A31EE28
:10465000021A80EE010A0898BCEEC00A80ED000A3A
:1046600003E0089900200860FFE703E008990020B4
:104670000860FFE740F60040C4F202400068800195
:10468000002827D5FFE740F62840C4F20240006822
:104690008003002819D5FFE79DED010A40F634405C
:1046A000C4F202400068C0F3064001EE100AB8EE02
:1046B000411AB7EE002A31EE021A80EE010A08987C
:1046C000BCEEC00A80ED010A03E0089900204860B2
:1046D000FFE703E0089900204860FFE740F600404C
:1046E000C4F2024000688001002827D5FFE740F6A9
:1046F0002840C4F2024000684003002819D5FFE7B3
:104700009DED010A40F63440C4F202400068C0F357
:10471000066001EE100AB8EE411AB7EE002A31EE3B
:10472000021A80EE010A0898BCEEC00A80ED020A67
:1047300003E0089900208860FFE703E00899002063
:104740008860FFE707E00899002008600899486042
:1047500008998860FFE709B0704700BF20BCBE4BD6
:10476000000000460024744A89B0089040F63C409E
:10477000C4F2024000686FF35F20059040F62C40C1
:10478000C4F20240016801F0030107910168C1F31E
:10479000052106910068C0F300100490049840F6CB
:1047A0004041C4F20241096889B2C90800FB01F026
:1047B00000EE100AB8EE400A8DED020A06980028B5
:1047C00000F03D81FFE707980090012808D0FFE73F
:1047D0000098022830D0FFE70098032849D065E010
:1047E00040F60040C4F202400068C0F3C10149F243
:1047F0000000C0F2D030C84003909DED030AB8EE2F
:10480000400A9DED061AB8EE411A80EE010A9DEDB0
:10481000051AB8EE411A9DED022A9FED8F3A82EEFD
:10482000032A31EE021AB7EE002A31EE021A20EE08
:10483000010A8DED010A65E09DED060AB8EE401A09
:104840009FED860A80EE010A9DED051AB8EE411A29
:104850009DED022A9FED803A82EE032A31EE021A84
:10486000B7EE002A31EE021A20EE010A8DED010AA0
:1048700048E09DED060AB8EE401A9FED760A80EEFC
:10488000010A9DED051AB8EE411A9DED022A9FED31
:10489000723A82EE032A31EE021AB7EE002A31EEA6
:1048A000021A20EE010A8DED010A2BE040F60040CD
:1048B000C4F202400068C0F3C10149F20000C0F236
:1048C000D030C84003909DED030AB8EE400A9DED3C
:1048D000061AB8EE411A80EE010A9DED051AB8EEEF
:1048E000411A9DED022A9FED5C3A82EE032A31EED9
:1048F000021AB7EE002A31EE021A20EE010A8DEDFF
:10490000010AFFE740F60040C4F2024000680001DF
:10491000002827D5FFE740F62C40C4F2024000688B
:10492000C003002819D5FFE79DED010A40F63C4081
:10493000C4F20240006880B2400A01EE100AB8EEEC
:10494000411AB7EE002A31EE021A80EE010A0898E9
:10495000BCEEC00A80ED000A03E008990020086060
:10496000FFE703E0089900200860FFE740F60040F9
:10497000C4F2024000680001002827D5FFE740F696
:104980002C40C4F2024000688003002819D5FFE7DC
:104990009DED010A40F63C40C4F202400068C0F3BD
:1049A000064001EE100AB8EE411AB7EE002A31EEC9
:1049B000021A80EE010A0898BCEEC00A80ED010AD6
:1049C00003E0089900204860FFE703E00899002011
:1049D0004860FFE740F60040C4F202400068000172
:1049E000002827D5FFE740F62C40C4F202400068BB
:1049F0004003002819D5FFE79DED010A40F63C4031
:104A0000C4F202400068C0F3066001EE100AB8EE7E
:104A1000411AB7EE002A31EE021A80EE010A089818
:104A2000BCEEC00A80ED020A03E00899002088600D
:104A3000FFE703E0089900208860FFE707E0089996
:104A4000002008600899486008998860FFE709B06D
:104A5000704700BF20BCBE4B000000460024744AD3
:104A600089B0089040F64440C4F2024000686FF3F9
:104A70005F20059040F63040C4F20240016801F02A
:104A8000030107910168C1F3052106910068C0F395
:104A900000100490049840F64841C4F202410968AD
:104AA00089B2C90800FB01F000EE100AB8EE400A16
:104AB0008DED020A0698002800F03D81FFE7079877
:104AC0000090012808D0FFE70098022830D0FFE7C7
:104AD0000098032849D065E040F60040C4F2024047
:104AE0000068C0F3C10149F20000C0F2D030C840F4
:104AF00003909DED030AB8EE400A9DED061AB8EE4C
:104B0000411A80EE010A9DED051AB8EE411A9DED9D
:104B1000022A9FED8F3A82EE032A31EE021AB7EE97
:104B2000002A31EE021A20EE010A8DED010A65E03D
:104B30009DED060AB8EE401A9FED860A80EE010A46
:104B40009DED051AB8EE411A9DED022A9FED803ABF
:104B500082EE032A31EE021AB7EE002A31EE021A73
:104B600020EE010A8DED010A48E09DED060AB8EE3F
:104B7000401A9FED760A80EE010A9DED051AB8EE07
:104B8000411A9DED022A9FED723A82EE032A31EE20
:104B9000021AB7EE002A31EE021A20EE010A8DED5C
:104BA000010A2BE040F60040C4F202400068C0F366
:104BB000C10149F20000C0F2D030C84003909DED21
:104BC000030AB8EE400A9DED061AB8EE411A80EECF
:104BD000010A9DED051AB8EE411A9DED022A9FEDDE
:104BE0005C3A82EE032A31EE021AB7EE002A31EE69
:104BF000021A20EE010A8DED010AFFE740F600409F
:104C0000C4F2024000688000002827D5FFE740F684
:104C10003040C4F202400068C003002819D5FFE705
:104C20009DED010A40F64440C4F20240006880B2A3
:104C3000400A01EE100AB8EE411AB7EE002A31EE32
:104C4000021A80EE010A0898BCEEC00A80ED000A44
:104C500003E0089900200860FFE703E008990020BE
:104C60000860FFE740F60040C4F2024000688000A0
:104C7000002827D5FFE740F63040C4F20240006824
:104C80008003002819D5FFE79DED010A40F6444056
:104C9000C4F202400068C0F3064001EE100AB8EE0C
:104CA000411AB7EE002A31EE021A80EE010A089886
:104CB000BCEEC00A80ED010A03E0089900204860BC
:104CC000FFE703E0089900204860FFE740F6004056
:104CD000C4F2024000688000002827D5FFE740F6B4
:104CE0003040C4F2024000684003002819D5FFE7B5
:104CF0009DED010A40F64440C4F202400068C0F352
:104D0000066001EE100AB8EE411AB7EE002A31EE45
:104D1000021A80EE010A0898BCEEC00A80ED020A71
:104D200003E0089900208860FFE703E0089900206D
:104D30008860FFE707E0089900200860089948604C
:104D400008998860FFE709B0704700BF20BCBE4BE0
:104D5000000000460024744A80B596B01591149066
:104D60001498159980F00070084300285BD1FFE784
:104D700040F6F040C4F20240016801F4407108912D
:104D800000688007002809D5FFE70898B0F5807F04
:104D900004D1FFE74FF400400A9042E040F6F040B3
:104DA000C4F2024000680001002809D5FFE7089816
:104DB000B0F5007F04D1FFE74FF4FA400A902FE0EE
:104DC00040F60040C4F2024000688003002823D56A
:104DD000FFE70898B0F5407F1ED1FFE740F61C4082
:104DE000C4F20240006800F47C50B0F5007F0FD39D
:104DF000FFE740F61C40C4F202400068C0F3052102
:104E000047F64000C0F27D10B0FBF1F00A9002E0DE
:104E100000200A90FFE702E000200A90FFE7FFE78A
:104E2000FFE701F077BB149806901599079180F081
:104E300001000843002800F00381FFE70799069866
:104E400080F002000843002800F07881FFE707990E
:104E5000069880F004000843002800F0E481FFE792
:104E60000799069880F008000843002800F05B824C
:104E7000FFE70799069880F010000843002800F02B
:104E8000D582FFE70799069880F0200008430028A4
:104E900000F04F83FFE70799069880F4805008439D
:104EA000002800F0C983FFE70799069880F40050B6
:104EB0000843002800F0CC84FFE70799069880F4A7
:104EC00080400843002800F01585FFE70799069801
:104ED00080F400400843002800F05E85FFE7079952
:104EE000069880F480300843002800F0A785FFE78B
:104EF0000799069880F400300843002800F01886CF
:104F0000FFE70799069880F480200843002800F006
:104F1000BB86FFE70799069880F400100843002835
:104F200000F0FB83FFE70799069880F480000843B0
:104F3000002864D0FFE70799069880F08060084356
:104F4000002801F04F82FFE70799069880F0006083
:104F50000843002800F07987FFE70799069880F05A
:104F600080500843002800F0EE87FFE70799069875
:104F700080F000500843002801F07280FFE7079995
:104F8000069880F080400843002801F0F280FFE797
:104F90000698079981F002010843002801F06D810D
:104FA000FFE70698079981F004010843002800F004
:104FB0001687FFE70698079981F008010843002843
:104FC00001F0D081FFE70698079981F010010843AE
:104FD000002801F05D82FFE70698079981F40071CF
:104FE0000843002800F00584FFE70698079981F43C
:104FF00080510843002800F05E8501F087BA40F632
:10500000E440C4F20240006800F0400008900898B4
:1050100030B9FFE711A8FFF72BFA12980A900DE0BC
:105020000898402806D1FFE70EA8FFF79DFB1098CF
:105030000A9002E000200A90FFE7FFE701F069BA5A
:1050400040F6D840C4F20240006800F00700089023
:10505000089820B9FFE702F0A9FC0A906CE040F63E
:105060000040C4F202400068000100280AD5FFE7B2
:105070000898012806D1FFE70EA8FFF775FB0F98E7
:105080000A9058E040F60040C4F2024000688000F8
:1050900000280AD5FFE70898022806D1FFE70BA8E9
:1050A000FFF7DEFC0C980A9044E040F60040C4F2A2
:1050B000024000688007002812D5FFE708980328FF
:1050C0000ED1FFE740F60040C4F202400068C0F392
:1050D000C10149F20000C0F2D030C8400A9028E077
:1050E00040F60040C4F202400068800500280AD55E
:1050F000FFE70898042806D1FFE740F60010C0F249
:105100003D000A9014E040F6F040C4F2024000680E
:105110008007002808D5FFE70898052804D1FFE795
:105120004FF400400A9002E000200A90FFE7FFE7FA
:10513000FFE7FFE7FFE7FFE701F0EBB940F6D840F4
:10514000C4F20240006800F038000890089820B9C6
:10515000FFE702F017FC0A9063E040F60040C4F25B
:1051600002400068000100280AD5FFE708980828D7
:1051700006D1FFE70EA8FFF7F7FA0F980A904FE065
:105180000898102806D1FFE70BA8FFF769FC0C98D8
:105190000A9044E040F60040C4F2024000688007F4
:1051A000002812D5FFE7089818280ED1FFE740F62F
:1051B0000040C4F202400068C0F3C10149F200009F
:1051C000C0F2D030C8400A9028E040F60040C4F257
:1051D00002400068800500280AD5FFE708982028CB
:1051E00006D1FFE740F60010C0F23D000A9014E03F
:1051F00040F6F040C4F2024000688007002808D55D
:10520000FFE70898282804D1FFE74FF400400A90F0
:1052100002E000200A90FFE7FFE7FFE7FFE7FFE774
:10522000FFE701F076B940F6D840C4F202400068CA
:1052300000F4E0700890089820B9FFE702F0A2FBA4
:105240000A906EE040F60040C4F20240006800019F
:1052500000280AD5FFE70898402806D1FFE70EA8E6
:10526000FFF782FA0F980A905AE040F60040C4F225
:1052700002400068800000280AD5FFE708988028CF
:1052800006D1FFE70BA8FFF7EBFB0C980A9046E06E
:1052900040F60040C4F2024000688007002812D5A2
:1052A000FFE70898C0280ED1FFE740F60040C4F29F
:1052B00002400068C0F3C10149F20000C0F2D030E2
:1052C000C8400A902AE040F60040C4F2024000685C
:1052D000800500280BD5FFE70898B0F5807F06D140
:1052E000FFE740F60010C0F23D000A9015E040F6DE
:1052F000F040C4F2024000688007002809D5FFE7AB
:105300000898B0F5A07F04D1FFE74FF400400A9061
:1053100002E000200A90FFE7FFE7FFE7FFE7FFE773
:10532000FFE701F0F6B840F6D840C4F2024000684A
:1053300000F460600890089820B9FFE702F022FBB3
:105340000A9071E040F60040C4F20240006800019B
:1053500000280BD5FFE70898B0F5007F06D1FFE7DE
:105360000EA8FFF701FA0F980A905CE040F60040A3
:10537000C4F202400068800000280BD5FFE70898BF
:10538000B0F5806F06D1FFE70BA8FFF769FB0C981B
:105390000A9047E040F60040C4F2024000688007EF
:1053A000002813D5FFE70898B0F5C06F0ED1FFE7CE
:1053B00040F60040C4F202400068C0F3C10149F267
:1053C0000000C0F2D030C8400A902AE040F6004009
:1053D000C4F202400068800500280BD5FFE708985A
:1053E000B0F5006F06D1FFE740F60010C0F23D00B7
:1053F0000A9015E040F6F040C4F2024000688007D1
:10540000002809D5FFE70898B0F5206F04D1FFE721
:105410004FF400400A9002E000200A90FFE7FFE707
:10542000FFE7FFE7FFE7FFE701F073B840F6D8407A
:10543000C4F20240006800F4E0400890089820B9E7
:10544000FFE702F09FFA0A9071E040F60040C4F2D4
:1054500002400068000100280BD5FFE70898B0F56E
:10546000805F06D1FFE70EA8FFF77EF90F980A903C
:105470005CE040F60040C4F2024000688000002872
:105480000BD5FFE70898B0F5005F06D1FFE70BA842
:10549000FFF7E6FA0C980A9047E040F60040C4F2A5
:1054A000024000688007002813D5FFE70898B0F590
:1054B000405F0ED1FFE740F60040C4F202400068B2
:1054C000C0F3C10149F20000C0F2D030C8400A90D8
:1054D0002AE040F60040C4F202400068800500283F
:1054E0000BD5FFE70898B0F5804F06D1FFE740F6EF
:1054F0000010C0F23D000A9015E040F6F040C4F202
:10550000024000688007002809D5FFE70898B0F539
:10551000A04F04D1FFE74FF400400A9002E00020C2
:105520000A90FFE7FFE7FFE7FFE7FFE7FFE700F08D
:10553000F0BF40F6D840C4F20240006800F460308A
:105540000890089820B9FFE702F01CFA0A9071E071
:1055500040F60040C4F202400068000100280BD56C
:10556000FFE70898B0F5004F06D1FFE70EA8FFF758
:10557000FBF80F980A905CE040F60040C4F202404D
:105580000068800000280BD5FFE70898B0F5803F41
:1055900006D1FFE70BA8FFF763FA0C980A9047E0E3
:1055A00040F60040C4F2024000688007002813D58E
:1055B000FFE70898B0F5C03F0ED1FFE740F6004086
:1055C000C4F202400068C0F3C10149F20000C0F219
:1055D000D030C8400A902AE040F60040C4F20240B1
:1055E0000068800500280BD5FFE70898B0F5003F5C
:1055F00006D1FFE740F60010C0F23D000A9015E02A
:1056000040F6F040C4F2024000688007002809D547
:10561000FFE70898B0F5203F04D1FFE74FF40040C2
:105620000A9002E000200A90FFE7FFE7FFE7FFE7AC
:10563000FFE7FFE700F06DBF40F6E040C4F2024034
:10564000006800F0E0600890089820B9FFE702F0D9
:10565000C1F90A905FE00898B0F1807F06D1FFE7BA
:105660000EA8FFF781F80F980A9053E00898B0F160
:10567000007F06D1FFE70BA8FFF7F2F90C980A901C
:1056800047E040F60040C4F202400068800700286E
:1056900013D5FFE70898B0F1407F0ED1FFE740F641
:1056A0000040C4F202400068C0F3C10149F20000AA
:1056B000C0F2D030C8400A902AE040F60040C4F260
:1056C00002400068800500280BD5FFE70898B0F17C
:1056D000806F06D1FFE740F60010C0F23D000A904F
:1056E00015E040F6F040C4F2024000688007002850
:1056F00009D5FFE70898B0F1A06F04D1FFE74FF498
:1057000000400A9002E000200A90FFE7FFE7FFE771
:10571000FFE7FFE7FFE700F0FCBE40F6E840C4F219
:105720000240006800F007000890089820B9FFE7E1
:1057300002F00EF90A905AE00898012804D1FFE718
:1057400002F05CF90A9051E00898022806D1FFE7C0
:105750000EA8FFF709F810980A9046E040F60040BE
:10576000C4F202400068800300280AD5FFE70898C9
:10577000032806D1FFE747F64000C0F27D100A90EB
:1057800032E040F60040C4F2024000688007002882
:1057900012D5FFE7089804280ED1FFE740F6004035
:1057A000C4F202400068C0F3C10149F20000C0F237
:1057B000D030C8400A9016E040F60040C4F20240E3
:1057C0000068800500280AD5FFE70898052806D15B
:1057D000FFE740F60010C0F23D000A9002E0002012
:1057E0000A90FFE7FFE7FFE7FFE7FFE7FFE700F0CB
:1057F00090BE40F6E840C4F20240006800F00800A5
:10580000089040F6F040C4F202400068800700288B
:1058100007D5FFE7089820B9FFE74FF400400A904A
:1058200014E040F6F040C4F2024000680001002895
:1058300008D5FFE70898082804D1FFE74FF4FA409D
:105840000A9002E000200A90FFE7FFE700F061BE47
:1058500040F6E440C4F20240006800F44030089092
:10586000089820B9FFE702F08DF80A9040E0089808
:10587000B0F5803F06D1FFE70BA8FFF7F1F80D98D0
:105880000A9034E040F60040C4F20240006880070D
:10589000002813D5FFE70898B0F5003F0ED1FFE7C9
:1058A00040F60040C4F202400068C0F3C10149F272
:1058B0000000C0F2D030C8400A9017E040F6004027
:1058C000C4F202400068800500280BD5FFE7089865
:1058D000B0F5403F06D1FFE740F60010C0F23D00B2
:1058E0000A9002E000200A90FFE7FFE7FFE7FFE7EA
:1058F00000F00FBE40F6E440C4F20240006800F43D
:1059000040200890089820B9FFE702F03BF80A9081
:1059100040E00898B0F5802F06D1FFE70BA8FFF70D
:105920009FF80D980A9034E040F60040C4F202401F
:1059300000688007002813D5FFE70898B0F5002F0E
:105940000ED1FFE740F60040C4F202400068C0F309
:10595000C10149F20000C0F2D030C8400A9017E0FF
:1059600040F60040C4F202400068800500280BD5D4
:10597000FFE70898B0F5402F06D1FFE740F600108A
:10598000C0F23D000A9002E000200A90FFE7FFE726
:10599000FFE7FFE700F0BDBD40F6E440C4F202407F
:1059A000006800F440100890089820B9FFE702F062
:1059B00011F80A9040E00898B0F5801F06D1FFE783
:1059C0000BA8FFF74DF80D980A9034E040F6004020
:1059D000C4F2024000688007002813D5FFE708984A
:1059E000B0F5001F0ED1FFE740F60040C4F20240C0
:1059F0000068C0F3C10149F20000C0F2D030C840D5
:105A00000A9017E040F60040C4F2024000688005AA
:105A100000280BD5FFE70898B0F5401F06D1FFE737
:105A200040F60010C0F23D000A9002E000200A900B
:105A3000FFE7FFE7FFE7FFE700F06BBD40F6E4405C
:105A4000C4F20240006800F040700890089820B945
:105A5000FFE701F097FF0A902BE00898B0F1807FF4
:105A600006D1FFE70BA8FEF7FBFF0D980A901FE099
:105A700040F60040C4F2024000688007002813D5B9
:105A8000FFE70898B0F1007F0ED1FFE740F6004035
:105A9000C4F202400068C0F3C10149F20000C0F244
:105AA000D030C8400A9002E000200A90FFE7FFE7EC
:105AB000FFE700F02EBD40F6E440C4F2024000686B
:105AC00000F040600890089820B9FFE701F082FFDD
:105AD0000A902BE00898B0F1806F06D1FFE70BA881
:105AE000FEF7BEFF0D980A901FE040F60040C4F29A
:105AF000024000688007002813D5FFE70898B0F13E
:105B0000006F0ED1FFE740F60040C4F2024000688B
:105B1000C0F3C10149F20000C0F2D030C8400A9081
:105B200002E000200A90FFE7FFE7FFE700F0F1BC8A
:105B300040F6DC40C4F20240006800F4E0600890E7
:105B400008980590C8B1FFE70598B0F5807F18D098
:105B5000FFE70598B0F5007F19D0FFE70598B0F58D
:105B6000407F1AD0FFE70598B0F5806F26D0FFE799
:105B70000598B0F5A06F32D081E001F02BFF0A90BC
:105B800080E00EA8FEF7F0FD0E980A907AE00BA8D0
:105B9000FEF766FF0D980A9074E040F6F040C4F2FC
:105BA000024000688007002804D5FFE74FF400405A
:105BB0000A9002E000200A90FFE763E040F6F04020
:105BC000C4F2024000680001002804D5FFE74FF44A
:105BD000FA400A9002E000200A90FFE752E040F607
:105BE000E840C4F20240006800F04040099040F6EE
:105BF0000040C4F2024000688007002811D5FFE78A
:105C0000099870B9FFE740F60040C4F2024000680E
:105C1000C0F3C10149F20000C0F2D030C8400A9080
:105C20002CE040F60040C4F20240006880050028E5
:105C30000BD5FFE70998B0F1804F06D1FFE740F69A
:105C40000010C0F23D000A9017E040F60040C4F298
:105C500002400068800300280BD5FFE70998B0F1E7
:105C6000004F06D1FFE747F64000C0F27D100A90D2
:105C700002E000200A90FFE7FFE7FFE702E00020D4
:105C80000A90FFE700F045BC40F6DC40C4F2024059
:105C9000006800F4E040089008980490C8B1FFE75D
:105CA0000498B0F5805F18D0FFE70498B0F5005F66
:105CB00019D0FFE70498B0F5405F1AD0FFE70498C9
:105CC000B0F5804F26D0FFE70498B0F5A04F32D052
:105CD00081E001F057FE0A9080E00EA8FEF744FD37
:105CE0000E980A907AE00BA8FEF7BAFE0D980A907B
:105CF00074E040F6F040C4F20240006880070028DB
:105D000004D5FFE74FF400400A9002E000200A901B
:105D1000FFE763E040F6F040C4F202400068000193
:105D2000002804D5FFE74FF4FA400A9002E0002073
:105D30000A90FFE752E040F6E840C4F202400068F3
:105D400000F04040099040F60040C4F20240006874
:105D50008007002811D5FFE7099870B9FFE740F6E2
:105D60000040C4F202400068C0F3C10149F20000E3
:105D7000C0F2D030C8400A902CE040F60040C4F297
:105D800002400068800500280BD5FFE70998B0F1B4
:105D9000804F06D1FFE740F60010C0F23D000A90A8
:105DA00017E040F60040C4F202400068800300287B
:105DB0000BD5FFE70998B0F1004F06D1FFE747F692
:105DC0004000C0F27D100A9002E000200A90FFE738
:105DD000FFE7FFE702E000200A90FFE799E340F6C3
:105DE000E840C4F20240006800F44070089040F6B9
:105DF0000040C4F2024000688003002809D5FFE794
:105E0000089830B9FFE747F64000C0F27D100A90CD
:105E10001AE00898B0F5807F06D1FFE711A8FEF7D9
:105E200027FB12980A900EE00898B0F5007F06D183
:105E3000FFE70EA8FEF798FC0F980A9002E00020FA
:105E40000A90FFE7FFE7FFE763E340F6E040C4F2B4
:105E50000240006800F007000890089803900428AA
:105E60006DD80399DFE801F003090F151B0011A895
:105E7000FEF7FEFA12980A9064E00EA8FEF774FC92
:105E80000E980A905EE00BA8FEF7EAFD0B980A90C8
:105E900058E048F20000C0F2BB000A9052E040F621
:105EA000E840C4F20240006800F04040099040F62B
:105EB0000040C4F2024000688007002811D5FFE7C7
:105EC000099870B9FFE740F60040C4F2024000684C
:105ED000C0F3C10149F20000C0F2D030C8400A90BE
:105EE0002CE040F60040C4F2024000688005002823
:105EF0000BD5FFE70998B0F1804F06D1FFE740F6D8
:105F00000010C0F23D000A9017E040F60040C4F2D5
:105F100002400068800300280BD5FFE70998B0F124
:105F2000004F06D1FFE747F64000C0F27D100A900F
:105F300002E000200A90FFE7FFE7FFE702E0002011
:105F40000A90FFE7E5E240F6E040C4F20240006854
:105F500000F03800089008980290202800F27C8019
:105F60000299DFE801F011797979797979791779EE
:105F70007979797979791D79797979797979237943
:105F8000797979797979290011A8FEF771FA12984F
:105F90000A9064E00EA8FEF7E7FB0E980A905EE018
:105FA0000BA8FEF75DFD0B980A9058E048F2000040
:105FB000C0F2BB000A9052E040F6E840C4F2024052
:105FC000006800F04040099040F60040C4F20240F2
:105FD00000688007002811D5FFE7099870B9FFE72E
:105FE00040F60040C4F202400068C0F3C10149F22B
:105FF0000000C0F2D030C8400A902CE040F60040CB
:10600000C4F202400068800500280BD5FFE709981C
:10601000B0F1804F06D1FFE740F60010C0F23D001E
:106020000A9017E040F60040C4F202400068800386
:1060300000280BD5FFE70998B0F1004F06D1FFE724
:1060400047F64000C0F27D100A9002E000200A905E
:10605000FFE7FFE7FFE702E000200A90FFE758E2D2
:1060600040F6E040C4F20240006800F4E07008909E
:106070000898019088B1FFE70198402813D0FFE706
:106080000198802815D0FFE70198C02817D0FFE7B6
:106090000198B0F5807F18D067E011A8FEF7E8F905
:1060A00012980A9064E00EA8FEF75EFB0E980A9024
:1060B0005EE00BA8FEF7D4FC0B980A9058E048F27B
:1060C0000000C0F2BB000A9052E040F6E840C4F283
:1060D0000240006800F04040099040F60040C4F2E1
:1060E000024000688007002811D5FFE7099870B9C1
:1060F000FFE740F60040C4F202400068C0F3C1016F
:1061000049F20000C0F2D030C8400A902CE040F6BE
:106110000040C4F202400068800500280BD5FFE76C
:106120000998B0F1804F06D1FFE740F60010C0F2A9
:106130003D000A9017E040F60040C4F202400068BB
:10614000800300280BD5FFE70998B0F1004F06D176
:10615000FFE747F64000C0F27D100A9002E0002001
:106160000A90FFE7FFE7FFE702E000200A90FFE761
:10617000CFE140F6E040C4F20240006800F4606005
:106180000890089820B9FFE701F010FC0A9073E02E
:1061900040F60040C4F202400068000100280BD520
:1061A000FFE70898B0F5007F06D1FFE70EA8FEF7DD
:1061B000DBFA0F980A905EE040F60040C4F202401D
:1061C0000068800000280BD5FFE70898B0F5806FC5
:1061D00006D1FFE70BA8FEF743FC0C980A9049E0B4
:1061E00040F60040C4F2024000688007002813D542
:1061F000FFE70898B0F5C06F0ED1FFE740F600400A
:10620000C4F202400068C0F3C10149F20000C0F2CC
:10621000D030C8400A902CE040F60040C4F2024062
:106220000068800500280BD5FFE70898B0F5006FDF
:1062300006D1FFE740F60010C0F23D000A9017E0DB
:1062400040F60040C4F202400068800300280BD5ED
:10625000FFE70898B0F5206F06D1FFE747F640004A
:10626000C0F27D100A9002E000200A90FFE7FFE7ED
:10627000FFE7FFE7FFE7FFE74BE140F6E440C4F24A
:106280000240006800F0030008900898009003287E
:1062900064D80099DFE801F002060C1201F058FB07
:1062A0000A905EE011A8FEF7E3F812980A9058E011
:1062B0000EA8FEF759FA10980A9052E040F6E8400E
:1062C000C4F20240006800F04040099040F60040EF
:1062D000C4F2024000688007002811D5FFE7099842
:1062E00070B9FFE740F60040C4F202400068C0F316
:1062F000C10149F20000C0F2D030C8400A902CE041
:1063000040F60040C4F202400068800500280BD52A
:10631000FFE70998B0F1804F06D1FFE740F6001083
:10632000C0F23D000A9017E040F60040C4F202407F
:106330000068800300280BD5FFE70998B0F1004FF3
:1063400006D1FFE747F64000C0F27D100A9002E058
:1063500000200A90FFE7FFE7FFE702E000200A9035
:10636000FFE7D6E040F6E840C4F20240006800F0E3
:10637000C000089040F6F040C4F202400068800778
:10638000002807D5FFE7089820B9FFE74FF4004041
:106390000A9026E040F6F040C4F202400068000196
:1063A000002808D5FFE70898402804D1FFE74FF4FC
:1063B000FA400A9014E040F60040C4F2024000683F
:1063C0008005002808D5FFE70898802804D1FFE75A
:1063D00048F212000A9002E000200A90FFE7FFE76F
:1063E000FFE796E040F6E840C4F20240006800F0A3
:1063F0003000089040F60040C4F20240006880047B
:10640000002809D5FFE7089830B9FFE746F60040B5
:10641000C0F2DC200A903AE040F60040C4F20240AC
:106420000068800100280AD5FFE70898102806D1E7
:10643000FFE711A8FEF71CF812980A9026E040F634
:10644000F040C4F2024000688007002808D5FFE74A
:106450000898202804D1FFE74FF400400A9014E088
:1064600040F6F040C4F2024000680001002808D560
:10647000FFE70898302804D1FFE74FF4FA400A906C
:1064800002E000200A90FFE7FFE7FFE7FFE740E0B8
:1064900040F6E440C4F20240006800F0300008908A
:1064A0000898102806D1FFE711A8FDF7E1FF129820
:1064B0000A902EE040F60040C4F2024000688000DE
:1064C00000280AD5FFE70898202806D1FFE70BA887
:1064D000FEF7C6FA0C980A9016E040F60040C4F2A7
:1064E00002400068800400280AD5FFE70898302899
:1064F00006D1FFE746F60040C0F2DC200A9002E039
:1065000000200A90FFE7FFE7FFE702E000200A9083
:10651000FFE7FFE70A9816B080BD000080B59EB087
:106520001D9000208DF86B008DF86A001D98C078D2
:10653000C00760B1FFE740F6E841C4F202410868D5
:1065400020F040401D9A926D10430860FFE71D98AF
:106550000068C007002837D0FFE71D98C06D19906C
:10656000052817D81999DFE801F003040B1213145A
:1065700014E01D98083005F039F98DF86B000DE036
:106580001D98303005F0E8F98DF86B0006E005E065
:1065900004E003E001208DF86B00FFE79DF86B003D
:1065A00060B9FFE740F6D841C4F20241086820F024
:1065B00007001D9AD26D1043086004E09DF86B003F
:1065C0008DF86A00FFE7FFE71D9800788007002834
:1065D00040F14A80FFE71D98006E1890282829D8BE
:1065E0001899DFE801F015272727272727271627DF
:1065F0002727272727271D27272727272727242738
:106600002727272727272527272727272727260044
:1066100014E01D98083005F0E9F88DF86B000DE0E6
:106620001D98303005F098F98DF86B0006E005E014
:1066300004E003E001208DF86B00FFE79DF86B009C
:1066400060B9FFE740F6D841C4F20241086820F083
:1066500038001D9A126E1043086004E09DF86B002C
:106660008DF86A00FFE7FFE71D98007840070028D3
:1066700047D5FFE71D98406E1790B0B1FFE7179818
:10668000402813D0FFE71798802816D0FFE7179807
:10669000C02819D0FFE71798B0F5807F15D0FFE725
:1066A0001798B0F5A07F11D011E014E01D980830C4
:1066B00005F09CF88DF86B000DE01D98303005F06A
:1066C0004BF98DF86B0006E005E004E003E00120E3
:1066D0008DF86B00FFE79DF86B0060B9FFE740F6AF
:1066E000D841C4F20241086820F4E0701D9A526E4D
:1066F0001043086004E09DF86B008DF86A00FFE726
:10670000FFE71D980078000700284AD5FFE71D988D
:10671000806E1690C8B1FFE71698B0F5007F15D0CF
:10672000FFE71698B0F5806F17D0FFE71698B0F521
:10673000C06F19D0FFE71698B0F5006F15D0FFE7CE
:106740001698B0F5206F11D011E014E01D980830B4
:1067500005F04CF88DF86B000DE01D98303005F019
:10676000FBF88DF86B0006E005E004E003E0012093
:106770008DF86B00FFE79DF86B0060B9FFE740F60E
:10678000D841C4F20241086820F460601D9A926EFC
:106790001043086004E09DF86B008DF86A00FFE785
:1067A000FFE71D980078C00600284AD5FFE71D982E
:1067B000C06E1590C8B1FFE71598B0F5805F15D091
:1067C000FFE71598B0F5005F17D0FFE71598B0F513
:1067D000405F19D0FFE71598B0F5804F15D0FFE75F
:1067E0001598B0F5A04F11D011E014E01D980830B5
:1067F00004F0FCFF8DF86B000DE01D98303005F0C3
:10680000ABF88DF86B0006E005E004E003E0012042
:106810008DF86B00FFE79DF86B0060B9FFE740F66D
:10682000D841C4F20241086820F4E0401D9AD26EBB
:106830001043086004E09DF86B008DF86A00FFE7E4
:10684000FFE71D980078800600284AD5FFE71D98CD
:10685000006F1490C8B1FFE71498B0F5004F15D041
:10686000FFE71498B0F5803F17D0FFE71498B0F514
:10687000C03F19D0FFE71498B0F5003F15D0FFE7EF
:106880001498B0F5203F11D011E014E01D980830A5
:1068900004F0ACFF8DF86B000DE01D98303005F072
:1068A0005BF88DF86B0006E005E004E003E00120F2
:1068B0008DF86B00FFE79DF86B0060B9FFE740F6CD
:1068C000D841C4F20241086820F460301D9A126F6A
:1068D0001043086004E09DF86B008DF86A00FFE744
:1068E000FFE71D984078C00600284AD5FFE71D98AD
:1068F000406F1390C8B1FFE71398B0F1807F15D0B7
:10690000FFE71398B0F1007F17D0FFE71398B0F1BD
:10691000407F19D0FFE71398B0F1806F15D0FFE7E3
:106920001398B0F1A06F11D011E014E01D98083059
:1069300004F05CFF8DF86B000DE01D98303005F021
:106940000BF88DF86B0006E005E004E003E00120A1
:106950008DF86B00FFE79DF86B0060B9FFE740F62C
:10696000E041C4F20241086820F0E0601D9A526FD5
:106970001043086004E09DF86B008DF86A00FFE7A3
:10698000FFE71D9840788006002838D5FFE71D985E
:10699000806F129078B1FFE71298B0F5803F0BD06E
:1069A000FFE71298B0F5003F0DD0FFE71298B0F561
:1069B000403F09D009E00CE01D98303004F0CCFFD6
:1069C0008DF86B0005E004E003E001208DF86B001A
:1069D000FFE79DF86B0060B9FFE740F6E441C4F2C1
:1069E0000241086820F440301D9A926F10430860FD
:1069F00004E09DF86B008DF86A00FFE7FFE71D9843
:106A000040784006002838D5FFE71D98C06F1190E8
:106A100078B1FFE71198B0F5802F0BD0FFE7119800
:106A2000B0F5002F0DD0FFE71198B0F5402F09D039
:106A300009E00CE01D98303004F08EFF8DF86B00FB
:106A400005E004E003E001208DF86B00FFE79DF80E
:106A50006B0060B9FFE740F6E441C4F20241086808
:106A600020F440201D9AD26F1043086004E09DF886
:106A70006B008DF86A00FFE7FFE71D98407800067D
:106A800000283AD5FFE71D98D0F88000109078B123
:106A9000FFE71098B0F5801F0BD0FFE71098B0F516
:106AA000001F0DD0FFE71098B0F5401F09D009E096
:106AB0000CE01D98303004F04FFF8DF86B0005E0BE
:106AC00004E003E001208DF86B00FFE79DF86B0008
:106AD00068B9FFE740F6E441C4F20241086820F4D7
:106AE00040101D9AD2F880201043086004E09DF801
:106AF0006B008DF86A00FFE7FFE71D988078C007FC
:106B0000A0B3FFE71D98D0F884000F9050B1FFE7C5
:106B10000F98B0F1807F06D0FFE70F98B0F1007FAB
:106B200008D008E00BE01D98303004F015FF8DF818
:106B30006B0004E003E001208DF86B00FFE79DF897
:106B40006B0068B9FFE740F6E441C4F2024108680F
:106B500020F040701D9AD2F884201043086004E0B1
:106B60009DF86B008DF86A00FFE7FFE71D984079FC
:106B7000C006002834D5FFE71D98D0F888000E9095
:106B800050B1FFE70E98B0F1806F06D0FFE70E9886
:106B9000B0F1006F08D008E00BE01D98303004F031
:106BA000DBFE8DF86B0004E003E001208DF86B0044
:106BB000FFE79DF86B0068B9FFE740F6E441C4F2D7
:106BC0000241086820F040601D9AD2F888201043E6
:106BD000086004E09DF86B008DF86A00FFE7FFE7AE
:106BE0001D9840790007002811D5FFE7FFE740F620
:106BF0001C41C4F20241086820F4004008601D985E
:106C0000D0F8C820086810430860FFE7FFE71D9828
:106C10008078800700284CD5FFE71D98D0F88C00BD
:106C20000D90C8B1FFE70D98B0F5807F15D0FFE754
:106C30000D98B0F5007F17D0FFE70D98B0F5407FB5
:106C400019D0FFE70D98B0F5806F15D0FFE70D98CC
:106C5000B0F5A06F11D011E014E01D98083004F0D9
:106C6000C5FD8DF86B000DE01D98303004F074FE0A
:106C70008DF86B0006E005E004E003E001208DF8EC
:106C80006B00FFE79DF86B0068B9FFE740F6DC4159
:106C9000C4F20241086820F4E0601D9AD2F88C200A
:106CA0001043086004E09DF86B008DF86A00FFE770
:106CB000FFE71D988078400700284CD5FFE71D9816
:106CC000D0F890000C90C8B1FFE70C98B0F5805F49
:106CD00015D0FFE70C98B0F5005F17D0FFE70C98D0
:106CE000B0F5405F19D0FFE70C98B0F5804F15D094
:106CF000FFE70C98B0F5A04F11D011E014E01D98FB
:106D0000083004F073FD8DF86B000DE01D983030F5
:106D100004F022FE8DF86B0006E005E004E003E0DD
:106D200001208DF86B00FFE79DF86B0068B9FFE765
:106D300040F6DC41C4F20241086820F4E0401D9AAC
:106D4000D2F890201043086004E09DF86B008DF8A5
:106D50006A00FFE7FFE71D9880788006002834D599
:106D6000FFE71D98D0F8A0000B90022809D3FFE799
:106D70000B98022806D0FFE70B980338032808D3A6
:106D800008E00BE01D98083004F030FD8DF86B0032
:106D900004E003E001208DF86B00FFE79DF86B0035
:106DA00068B9FFE740F6E841C4F20241086820F004
:106DB00007001D9AD2F8A0201043086004E09DF857
:106DC0006B008DF86A00FFE7FFE71D9840798007A8
:106DD000002827D5FFE71D98D0F8A4000A9020B11D
:106DE000FFE70A98082801D001E004E003E0012051
:106DF0008DF86B00FFE79DF86B0068B9FFE740F680
:106E0000E841C4F20241086820F008001D9AD2F857
:106E1000A4201043086004E09DF86B008DF86A0020
:106E2000FFE7FFE71D98C0788007002840F1B58094
:106E3000FFE740F62401C4F20241086840F0010077
:106E40000860FDF77BF81B90FFE740F62400C4F2D2
:106E500002400068C00760B9FFE7FDF76FF81B99B3
:106E6000401A032804D3FFE703208DF86B0000E0ED
:106E7000EBE79DF86B00002840F08980FFE740F6C3
:106E8000F040C4F20240006800F440701C901C986E
:106E9000D0B1FFE71C981D99D1F8BC10884213D0DF
:106EA000FFE740F6F041C4F20241086820F4407068
:106EB0001C90086840F480300860086820F4803036
:106EC00008601C980860FFE79DF87000C007E0B1FB
:106ED000FFE7FDF733F81B90FFE740F6F040C4F200
:106EE00002400068800700280ED4FFE7FDF726F86F
:106EF0001B99401A41F28931884204D3FFE70320ED
:106F00008DF86B0000E0E8E7FFE79DF86B00C0BB81
:106F1000FFE7FFE71D98D0F8BC0000F44070B0F523
:106F2000407F13D1FFE740F61C41C4F202410868DC
:106F300020F47C501D9AD2F8BC204FF6F043C0F6E6
:106F4000FF731A4040EA1210086008E040F61C4146
:106F5000C4F20241086820F47C500860FFE740F664
:106F6000F041C4F20241086820F4407008601D98A6
:106F7000D0F8BC206FF31F32086810430860FFE7A9
:106F800004E09DF86B008DF86A00FFE704E09DF8CF
:106F90006B008DF86A00FFE7FFE71D98C078400797
:106FA000002839D5FFE71D98D0F89800099060B106
:106FB000FFE70998102809D0FFE7099820280ED08C
:106FC000FFE7099830280BD00BE00EE040F628418F
:106FD000C4F20241086840F40030086005E004E0B3
:106FE00003E001208DF86B00FFE79DF86B0068B9A6
:106FF000FFE740F6E841C4F20241086820F03000A3
:107000001D9AD2F898201043086004E09DF86B00A8
:107010008DF86A00FFE7FFE71D988078400600289A
:1070200035D5FFE71D98D0F89C00089020B1FFE708
:107030000898402809D00FE040F62841C4F20241E8
:10704000086840F4003008600AE01D98083004F039
:10705000CDFB8DF86B0003E001208DF86B00FFE79E
:107060009DF86B0068B9FFE740F6E441C4F20241C5
:10707000086820F040001D9AD2F89C201043086058
:1070800004E09DF86B008DF86A00FFE7FFE71D98AC
:10709000C0780007002840D5FFE71D98D0F8AC0065
:1070A000079004281ED80799DFE801F0030C131A93
:1070B0001B0040F62841C4F20241086840F4003049
:1070C000086013E01D98083004F090FB8DF86B0009
:1070D0000CE01D98303004F03FFC8DF86B0005E0AB
:1070E00004E003E001208DF86B00FFE79DF86B00E2
:1070F00068B9FFE740F6E041C4F20241086820F0B9
:1071000007001D9AD2F8AC201043086004E09DF8F7
:107110006B008DF86A00FFE7FFE71D98C078C00696
:10712000002840F14F80FFE71D98D0F8B00006908E
:1071300020282CD80699DFE801F0112A2A2A2A2AC9
:107140002A2A1A2A2A2A2A2A2A2A212A2A2A2A2AB8
:107150002A2A282A2A2A2A2A2A2A290040F62841C5
:10716000C4F20241086840F40030086013E01D9842
:10717000083004F03BFB8DF86B000CE01D983030BC
:1071800004F0EAFB8DF86B0005E004E003E0012069
:107190008DF86B00FFE79DF86B0068B9FFE740F6DC
:1071A000E041C4F20241086820F038001D9AD2F88C
:1071B000B0201043086004E09DF86B008DF86A0071
:1071C000FFE7FFE71D98C078800600284BD5FFE752
:1071D0001D98D0F8B400059088B1FFE705984028C5
:1071E00016D0FFE70598802819D0FFE70598C0283A
:1071F0001CD0FFE70598B0F5807F18D018E040F666
:107200002841C4F20241086840F40030086013E0ED
:107210001D98083004F0EAFA8DF86B000CE01D9818
:10722000303004F099FB8DF86B0005E004E003E0DA
:1072300001208DF86B00FFE79DF86B0068B9FFE750
:1072400040F6E041C4F20241086820F4E0701D9A63
:10725000D2F8B4201043086004E09DF86B008DF86C
:107260006A00FFE7FFE71D98C078400600284CD56C
:10727000FFE71D98D0F8B8000490C8B1FFE7049864
:10728000B0F5007F15D0FFE70498B0F5806F17D0F8
:10729000FFE70498B0F5C06F19D0FFE70498B0F588
:1072A000006F15D0FFE70498B0F5206F11D011E002
:1072B00014E01D98083004F099FA8DF86B000DE089
:1072C0001D98303004F048FB8DF86B0006E005E0B7
:1072D00004E003E001208DF86B00FFE79DF86B00F0
:1072E00068B9FFE740F6E041C4F20241086820F4C3
:1072F00060601D9AD2F8B8201043086004E09DF841
:107300006B008DF86A00FFE7FFE71D9800798007A2
:10731000002838D5FFE71D98D0F8A800039003286F
:1073200016D80399DFE801F002030C1314E040F6CD
:107330002841C4F20241086840F4003008600BE0C4
:107340001D98083004F052FA8DF86B0004E003E059
:1073500001208DF86B00FFE79DF86B0068B9FFE72F
:1073600040F6E441C4F20241086820F003001D9A8F
:10737000D2F8A8201043086004E09DF86B008DF857
:107380006A00FFE7FFE71D980079400700283CD519
:10739000FFE71D98D0F89400029050B1FFE70298E3
:1073A000B0F5807F06D0FFE70298B0F5007F0AD0E5
:1073B00010E013E040F62841C4F20241086840F4AE
:1073C000003008600AE01D98083004F00FFA8DF8CC
:1073D0006B0003E001208DF86B00FFE79DF86B0068
:1073E00068B9FFE740F6E841C4F20241086820F4BA
:1073F00040701D9AD2F894201043086004E09DF874
:107400006B008DF86A00FFE7FFE71D980079C00662
:1074100000283BD5FFE71D98D0F8C4000190102844
:1074200008D0FFE7019820280DD0FFE70198302809
:1074300010D010E040F62841C4F20241086840F440
:10744000003008600BE01D98303004F085FA8DF8AC
:107450006B0004E003E001208DF86B00FFE79DF86E
:107460006B0068B9FFE740F6E441C4F202410868E6
:1074700020F030001D9AD2F8C4201043086004E0C8
:107480009DF86B008DF86A00FFE7FFE71D98007913
:10749000000700280DD5FFE740F6E841C4F202419D
:1074A000086820F0C0001D9AD2F8C0201043086080
:1074B000FFE79DF86A001EB080BD000080B586B071
:1074C00004900391049820B9FFE701208DF817007C
:1074D0003AE2039842F20001C4F20201096801F0A5
:1074E0000F01884216D9FFE742F20000C4F2020001
:1074F000016821F00F01039A11430160006800F058
:107500000F000399884204D0FFE701208DF817008F
:107510001AE2FFE704980078C00600281BD5FFE7B1
:107520000498406940F62041C4F20241096801F420
:10753000E041B0EB112F0DD9FFE740F62041C4F236
:107540000241086820F4E040049A526940EA0220AF
:107550000860FFE7FFE704980078000700281BD5C4
:10756000FFE70498006940F62041C4F2024109682F
:1075700001F4E061B0EB111F0DD9FFE740F62041A7
:10758000C4F20241086820F4E060049A126940EAFB
:1075900002100860FFE7FFE7049800784007002822
:1075A00019D5FFE70498C06840F62041C4F20241B3
:1075B000096801F0700188420CD9FFE740F62041CC
:1075C000C4F20241086820F07000049AD2681043A7
:1075D0000860FFE7FFE7049800788007002819D5C6
:1075E000FFE70498806840F62041C4F20241096830
:1075F00001F00F0188420CD9FFE740F62041C4F2A8
:107600000241086820F00F00049A92681043086055
:10761000FFE7FFE704980078C007002800F0D1805A
:10762000FFE70498406803280ED1FFE740F60040CA
:10763000C4F2024000688001002804D4FFE7012062
:107640008DF8170080E135E00498406802280ED1DB
:10765000FFE740F60040C4F20240006880030028C3
:1076600004D4FFE701208DF817006DE121E00498B4
:10767000406801280ED1FFE740F60040C4F2024006
:1076800000688005002804D4FFE701208DF817006A
:107690005AE10DE040F60040C4F202400068800765
:1076A000002804D4FFE701208DF817004CE1FFE724
:1076B000FFE7FFE740F61C41C4F20241086820F0F2
:1076C0000300049A526810430860FCF737FC0190ED
:1076D0000498406803281AD1FFE7FFE740F61C40F2
:1076E000C4F20240006800F0180018280ED0FFE72E
:1076F000FCF724FC0199401A41F28931884204D3F5
:10770000FFE703208DF817001EE1E7E758E0049833
:10771000406802281AD1FFE7FFE740F61C40C4F298
:107720000240006800F0180010280ED0FFE7FCF7B8
:1077300005FC0199401A41F28931884204D3FFE7E0
:1077400003208DF81700FFE0E7E738E00498406871
:1077500001281AD1FFE7FFE740F61C40C4F20240BF
:10776000006800F0180008280ED0FFE7FCF7E6FBE1
:107770000199401A41F28931884204D3FFE703207E
:107780008DF81700E0E0E7E718E0FFE740F61C405F
:10779000C4F20240006810F0180F0ED0FFE7FCF7AB
:1077A000CDFB0199401A41F28931884204D3FFE7A9
:1077B00003208DF81700C7E0E8E7FFE7FFE7FFE7E2
:1077C000FFE7049800788007002819D5FFE70498A0
:1077D000806840F62041C4F20241096801F00F01BF
:1077E00088420CD2FFE740F62041C4F2024108680B
:1077F00020F00F00049A926810430860FFE7FFE74B
:10780000039842F20001C4F20201096801F00F017D
:10781000884216D2FFE742F20000C4F2020001687B
:1078200021F00F01039A11430160006800F00F007E
:107830000399884204D0FFE701208DF8170083E008
:10784000FFE7049800784007002819D5FFE704985F
:10785000C06840F62041C4F20241096801F070019D
:1078600088420CD2FFE740F62041C4F2024108688A
:1078700020F07000049AD26810430860FFE7FFE729
:1078800004980078000700281BD5FFE704980069DA
:1078900040F62041C4F20241096801F4E061B0EB16
:1078A000111F0DD2FFE740F62041C4F202410868E3
:1078B00020F4E060049A126940EA02100860FFE7D1
:1078C000FFE704980078C00600281BD5FFE704985E
:1078D000406940F62041C4F20241096801F4E041E8
:1078E000B0EB112F0DD2FFE740F62041C4F2024168
:1078F000086820F4E040049A526940EA02200860D7
:10790000FFE7FFE700F07AF840F62041C4F20241B9
:10791000096801F00F0243F2B851C0F60101895C19
:10792000C84040F21401C2F20001086040F2540065
:10793000C2F200000068FCF76FFB8DF80B009DF8A9
:107940000B008DF81700FFE79DF8170006B080BD0B
:1079500080B500F053F840F62041C4F202410968B6
:1079600001F00F0243F2B851C0F60101895C01F049
:107970001F0120FA01F140F21400C2F20000016080
:10798000006880BD80B5FFF7E3FF40F62041C4F2F8
:1079900002410968C1F3021243F2C851C0F6010165
:1079A000895C01F01F01C84080BD000080B5FFF771
:1079B000CFFF40F62041C4F202410968C1F3022220
:1079C00043F2C851C0F60101895C01F01F01C840B3
:1079D00080BD000080B5FFF7BBFF40F62041C4F238
:1079E00002410968C1F3023243F2C851C0F60101F5
:1079F000895C01F01F01C84080BD000089B040F6DD
:107A00001C40C4F20240006800F01800082806D1AB
:107A1000FFE740F60010C0F23D00049048E140F658
:107A20001C40C4F20240006810F0180F21D1FFE79B
:107A300040F60040C4F20240006800F0200100203F
:107A4000B0EB511F0ED0FFE740F60040C4F20240F9
:107A50000068C0F3C10149F20000C0F2D030C84054
:107A6000049005E049F20000C0F2D0300490FFE736
:107A70001DE140F61C40C4F20240006800F018000E
:107A8000102806D1FFE747F64000C0F27D100490B1
:107A90000CE140F61C40C4F20240006800F01800FF
:107AA000182840F0FC80FFE740F62840C4F202406E
:107AB000016801F0030108910168C1F305210691F5
:107AC0000068C0F300100590059840F63841C4F2F4
:107AD0000241096889B2C90800FB01F000EE100AF2
:107AE000B8EE400A8DED020A0698002800F0D38017
:107AF000FFE708980090012809D0FFE700980228C6
:107B000000F08D80FFE70098032864D088E040F6FD
:107B10000040C4F20240006800F020010020B0EBF9
:107B2000511F33D0FFE740F60040C4F20240006826
:107B3000C0F3C10149F20000C0F2D030C840039048
:107B40009DED030AB8EE400A9DED061AB8EE411A03
:107B500080EE010A40F63440C4F2024000686FF340
:107B60005F2001EE100AB8EE411A9DED022A9FED4A
:107B7000533A82EE032A31EE021AB7EE002A31EEB2
:107B8000021A20EE010A8DED010A23E09DED060A9E
:107B9000B8EE401A9FED4A0A80EE010A40F63440E2
:107BA000C4F2024000686FF35F2001EE100AB8EEE5
:107BB000411A9DED022A9FED413A82EE032A31EEF1
:107BC000021AB7EE002A31EE021A20EE010A8DEDFC
:107BD000010AFFE748E09DED060AB8EE401A9FED66
:107BE000360A80EE010A40F63440C4F202400068D2
:107BF0006FF35F2001EE100AB8EE411A9DED022AE4
:107C00009FED2E3A82EE032A31EE021AB7EE002AD9
:107C100031EE021A20EE010A8DED010A24E0FFE7A1
:107C20009DED060AB8EE401A9FED260A80EE010A85
:107C300040F63440C4F2024000686FF35F2001EE6A
:107C4000100AB8EE411A9DED022A9FED1C3A82EE11
:107C5000032A31EE021AB7EE002A31EE021A20EEA4
:107C6000010A8DED010AFFE740F63440C4F20240FC
:107C7000006881B2012000EB512007909DED010AC0
:107C80009DED071AB8EE411A80EE010ABCEEC00A5B
:107C90008DED040A02E000200490FFE705E049F2C0
:107CA0000000C0F2D0300490FFE7FFE7FFE7FFE7F6
:107CB000049809B0704700BF20BCBE4B00000046CE
:107CC0000024744C0024744A80B588B0069006984D
:107CD00028B9FFE701208DF81F0000F0EFBC40F647
:107CE0001C40C4F20240006800F01800049040F606
:107CF0002840C4F20240006800F003000390069898
:107D00000078C006002840F18080FFE7049808282A
:107D100008D0FFE7049818281DD1FFE70398022830
:107D200019D1FFE70698C06928B9FFE701208DF84F
:107D30001F0000F0C3BCFFE740F61841C4F2024147
:107D4000086820F47C10069A126A40EA0240086033
:107D5000FFE7FFE758E00698C06988B3FFE740F601
:107D60000041C4F20241086840F480700860FCF7EA
:107D7000E5F80590FFE740F60040C4F202400068D5
:107D8000800500280DD4FFE7FCF7D8F80599401AC4
:107D9000032805D3FFE703208DF81F0000F08EBCF9
:107DA000E9E7FFE740F61841C4F20241086820F411
:107DB0007C10069A126A40EA02400860FFE722E05F
:107DC00040F60041C4F20241086820F48070086067
:107DD000FCF7B4F80590FFE740F60040C4F202401B
:107DE0000068800500280DD5FFE7FCF7A7F8059986
:107DF000401A032805D3FFE703208DF81F0000F089
:107E00005DBCE9E7FFE7FFE7FFE706980078C007FA
:107E1000002800F0B980FFE70498102808D0FFE799
:107E2000049818280ED1FFE7039803280AD1FFE72A
:107E30000698406828B9FFE701208DF81F0000F080
:107E40003DBCA0E0FFE706984068B0F5803F09D14F
:107E5000FFE740F60041C4F20241086840F4803078
:107E6000086056E00698406888B9FFE740F6004190
:107E7000C4F20241086820F480300860086820F4E9
:107E800080100860086820F48020086040E00698B0
:107E90004068B0F5A02F11D1FFE740F60041C4F2D1
:107EA0000241086840F480200860086820F48010CF
:107EB0000860086840F48030086028E00698406850
:107EC000B0F5A81F11D1FFE740F60041C4F202410E
:107ED000086840F480200860086840F4801008605A
:107EE000086840F48030086010E040F60041C4F2B9
:107EF0000241086820F480300860086820F480207F
:107F00000860086820F480100860FFE7FFE7FFE7DB
:107F1000FFE7FFE706984068D0B1FFE7FCF70EF8EF
:107F20000590FFE740F60040C4F20240006880037D
:107F300000280CD4FFE7FCF701F80599401A6528E2
:107F400004D3FFE703208DF81F00B7E3EAE719E049
:107F5000FBF7F4FF0590FFE740F60040C4F2024053
:107F60000068800300280CD5FFE7FBF7E7FF0599C1
:107F7000401A652804D3FFE703208DF81F009DE316
:107F8000EAE7FFE7FFE7FFE70698007880070028A9
:107F900040F1C380FFE7049840B1FFE70498182838
:107FA0005ED1FFE7039801285AD1FFE70698C06821
:107FB00020B9FFE701208DF81F007FE3049840BB44
:107FC000FFE740F60040C4F20240006800F01800ED
:107FD0000699096988421BD0FFE740F60041C4F2C8
:107FE0000241086820F01800069A126910430860E0
:107FF000FFF7AEFC40F25400C2F200000068FCF74C
:108000000BF820B1FFE701208DF81F0056E3FFE7D2
:10801000FFE7FBF793FF0590FFE740F60040C4F24F
:1080200002400068800700280CD4FFE7FBF786FFBA
:108030000599401A032804D3FFE703208DF81F0099
:108040003CE3EAE740F61041C4F20241086820F43C
:10805000FE00069A526940EA02400860FFE75BE0D2
:108060000698C068A8B3FFE740F60041C4F2024199
:10807000086820F01800069A126910430860086822
:1080800040F001000860FBF759FF0590FFE740F65C
:108090000040C4F202400068800700280CD4FFE7CB
:1080A000FBF74CFF0599401A032804D3FFE7032090
:1080B0008DF81F0002E3EAE740F61041C4F20241E6
:1080C000086820F4FE00069A526940EA02400860FF
:1080D00021E040F60041C4F20241086820F00100AE
:1080E0000860FBF72BFF0590FFE740F60040C4F265
:1080F00002400068800700280CD5FFE7FBF71EFF51
:108100000599401A032804D3FFE703208DF81F00C8
:10811000D4E2EAE7FFE7FFE7FFE706980078000709
:10812000002849D5FFE70698806910B3FFE740F6BD
:10813000F041C4F20241086840F080600860FBF73B
:10814000FDFE0590FFE740F6F040C4F202400068F3
:10815000000100280CD4FFE7FBF7F0FE0599401A58
:10816000032804D3FFE703208DF81F00A6E2EAE707
:1081700021E040F6F041C4F20241086820F080603E
:108180000860FBF7DBFE0590FFE740F6F040C4F225
:1081900002400068000100280CD5FFE7FBF7CEFE87
:1081A0000599401A032804D3FFE703208DF81F0028
:1081B00084E2EAE7FFE7FFE7069800784007002837
:1081C00040F1CC80FFE740F62400C4F20240006892
:1081D000C00708BBFFE740F62401C4F2024108686B
:1081E00040F001000860FBF7A9FE0590FFE740F6AC
:1081F0002400C4F202400068C00760B9FFE7FBF743
:108200009DFE0599401A032804D3FFE703208DF84B
:108210001F0053E2EBE7FFE7FFE7069880680128BD
:1082200009D1FFE740F6F041C4F20241086840F08E
:108230000100086054E00698806888B9FFE740F6BE
:10824000F041C4F20241086820F0010008600868AB
:1082500020F080000860086820F0040008603EE01C
:1082600006988068052811D1FFE740F6F041C4F276
:108270000241086840F004000860086820F08000AF
:108280000860086840F00100086027E006988068F0
:10829000852811D1FFE740F6F041C4F20241086899
:1082A00040F004000860086840F08000086008683A
:1082B00040F00100086010E040F6F041C4F20241D5
:1082C000086820F001000860086820F004000860D9
:1082D000086820F080000860FFE7FFE7FFE7FFE79E
:1082E000FFE706988068E0B1FFE7FBF727FE0590FF
:1082F000FFE740F6F040C4F2024000688007002823
:108300000ED4FFE7FBF71AFE0599401A41F28931B6
:10831000884204D3FFE703208DF81F00CEE1E8E791
:108320001BE0FBF70BFE0590FFE740F6F040C4F2C0
:1083300002400068800700280ED5FFE7FBF7FEFD2E
:108340000599401A41F28931884204D3FFE703209E
:108350008DF81F00B2E1E8E7FFE7FFE70698007835
:108360008006002849D5FFE70698406A10B3FFE76A
:1083700040F60041C4F20241086840F480500860B1
:10838000FBF7DCFD0590FFE740F60040C4F2024039
:108390000068800400280CD4FFE7FBF7CFFD0599A7
:1083A000401A032804D3FFE703208DF81F0085E15E
:1083B000EAE721E040F60041C4F20241086820F4F7
:1083C00080500860FBF7BAFD0590FFE740F60040DB
:1083D000C4F202400068800400280CD5FFE7FBF7D8
:1083E000ADFD0599401A032804D3FFE703208DF85B
:1083F0001F0063E1EAE7FFE7FFE70698806A0028CD
:1084000000F05881FFE70498182800F0D580FFE7B6
:108410000698806A022840F0A180FFE740F60041FC
:10842000C4F20241086820F080700860FBF786FD06
:108430000590FFE740F60040C4F20240006880016A
:1084400000280CD5FFE7FBF779FD0599401A0328B2
:1084500004D3FFE703208DF81F002FE1EAE7FFE7D1
:1084600040F62841C4F20241086843F60372904383
:10847000069BDA6A1B6B42EA0322104308600699E6
:10848000486BD1F838C0CB6B0A6C01386FF35F20B2
:108490004FF60061CFF6FF7101EB4C2189B2084421
:1084A0000021CFF6FF7101EB034101F4FE01084406
:1084B0004FF07F4101EB026101F0FE41084440F6BC
:1084C0003441C4F202410860FFE740F62841C4F29B
:1084D00002410091086820F0100008600698C06C06
:1084E000C00040F63842C4F202421060086840F012
:1084F00010000860086820F00C00069A526C1043C7
:108500000860086820F02000069A926C104308600A
:10851000086840F48030086040F60041C4F202412F
:10852000086840F080700860FBF708FD0590FFE7E1
:1085300040F60040C4F202400068800100280CD4DC
:10854000FFE7FBF7FBFC0599401A032804D3FFE77C
:1085500003208DF81F00B1E0EAE72CE040F600416F
:10856000C4F20241086820F080700860FBF7E6FC66
:108570000590FFE740F60040C4F202400068800129
:1085800000280CD5FFE7FBF7D9FC0599401A032812
:1085900004D3FFE703208DF81F008FE0EAE740F6E1
:1085A0002841C4F2024108684FF6FC72CFF6F87217
:1085B00010400860FFE77CE040F62840C4F202402B
:1085C0000068029040F63440C4F202400068019016
:1085D0000698806A012837D0FFE7029800F0030070
:1085E0000699C96A88422FD1FFE7029800F47C51AE
:1085F0000698006BB0EB112F26D1FFE701986FF3BF
:108600005F200699496B013988421DD1FFE7BDF80B
:1086100004100698806B0138B0EB512F14D1FFE79E
:10862000019800F4FE010698C06B0138B0EB114FC1
:108630000AD1FFE7019800F0FE410698006C01386E
:10864000B0EB116F04D0FFE701208DF81F0035E07B
:1086500040F63840C4F20240006881B20698C06C0F
:10866000B0EBD10F24D0FFE740F62841C4F202411D
:10867000086820F010000860FBF760FC0590FFE739
:10868000FBF75CFC0599401A08B9FFE7F8E7069884
:10869000C06CC00040F63841C4F20241086040F6A8
:1086A0002841C4F20241086840F010000860FFE76A
:1086B000FFE7FFE700208DF81F00FFE79DF81F0090
:1086C00008B080BD80B582B00090009820B9FFE767
:1086D00001208DF807001DE00099022081F8890033
:1086E00000980168086820F001000860009800F018
:1086F0006DF900990020C1F88C00009981F889007B
:10870000FFE70099002081F88800FFE700208DF83E
:108710000700FFE79DF8070002B080BD80B586B076
:108720000490049820B9FFE701208DF8170049E173
:108730000498006844F60041C4F20101884209D05F
:10874000FFE70498006844F60041C5F20101884241
:1087500001D1FFE700E0FFE70498406A08B9FFE7AE
:10876000FFE70499002088620498006844F60041FD
:10877000C4F20101884209D0FFE70498006844F67A
:108780000041C5F20101884209D1FFE70498C068A1
:10879000102804D3FFE701208DF8170012E1049898
:1087A00003F01CFA02900498006844F60041C4F2F9
:1087B0000101884209D0FFE70498006844F60041AF
:1087C000C5F20101884204D1FFE7029808283AD88F
:1087D000FFE70498006843F20001C4F201018842F7
:1087E0002DD0FFE70498006843F20001C5F20101B3
:1087F000884224D0FFE70498006843F60001C4F2E1
:10880000000188421BD0FFE70498006843F600018E
:10881000C5F20001884212D0FFE70498006843F6D1
:108820000041C4F20001884209D0FFE704980068C3
:1088300043F60041C5F20001884208D1FFE70298E3
:10884000112804D3FFE701208DF81700BAE004983F
:1088500090F8890040B9FFE70499002081F888006A
:10886000049800F0D1F8FFE70499022081F889000C
:1088700004980168086820F0010008600498006806
:10888000806800F4F810039004988069B0F1806F5C
:108890001BD1FFE704984068B0F5800F04D1FFE7D3
:1088A0000498806B50B1FFE70498406868B9FFE70F
:1088B0000498806BB0F1805F07D1FFE704980168EE
:1088C000086840F480500860FFE70498807940060B
:1088D000002810D5FFE70498C06807280BD3FFE7EE
:1088E00004980068006820F48070049A1168126D82
:1088F0001043086006E004980168086820F480705E
:108900000860FFE7049B1968DA68D869D3F828C0C3
:1089100040EA0C00DDF80CC040EA0C00DB6B1843A9
:1089200010438860049A0192506B516A0843916B1E
:108930000843916908431168D2F804C09368D2F8DB
:1089400010E040EA0E00D2F814E040EA0E00D2F83F
:1089500020E040EA0E0040EA0C00D2F84CC040EAA9
:108960000C001843936C1843936D1843D36D184350
:10897000126E1043C8600498406808B9FFE7FFE72B
:1089800004980168086D20F001000865049880795A
:10899000400600280BD5FFE704980068C06820F067
:1089A0000040049A1168526D1043C860FFE70499B3
:1089B0000020C1F88C00049A012182F889108DF8FA
:1089C0001700FFE79DF8170006B080BD80B582B0A4
:1089D00001900198006843F20001C4F2010188424D
:1089E0000FD1FFE740F6A441C4F20241086820F429
:1089F000805008600020C4F20220E021FBF73EF81E
:108A0000FFE702B080BD000010B5C2B04190002069
:108A100040903F903E903D903C9008A8D021F7F7C1
:108A20009FFD4198006843F20001C4F201018842B1
:108A300067D1FFE7002009904FF000600890042004
:108A4000339008A8FDF76AFD18B1FFE7F8F764FE58
:108A5000FFE7FFE740F6A440C4F20240016841F49A
:108A600080510160006800F4805007900798FFE78C
:108A7000FFE740F68C40C4F20240016841F001017A
:108A80000160006800F0010006900698FFE7A02052
:108A90003C90022005903D90002000903E900320E5
:108AA00001903F900520029040900020C4F20220E7
:108AB00003903CA90491FBF789F8059BDDF800C001
:108AC000029A039804994FF0400ECDF8F0E03D93E0
:108AD000CDF8F8C03F934092FBF778F8DDF800C07E
:108AE000019B029A03980499DDF814E0E0243C9479
:108AF000CDF8F4E0CDF8F8C03F934092FBF766F86C
:108B0000FFE742B010BD000080B588B00690059127
:108B1000ADF8122003930698006820300290069862
:108B2000006844F60041C4F20101884209D0FFE721
:108B30000698006844F60041C5F20101884201D15F
:108B4000FFE700E0FFE7FBF7F9F90190069890F8DE
:108B50008900012804D0FFE702208DF81F000BE2F6
:108B6000059820B1FFE7BDF8120020B9FFE701200A
:108B70008DF81F0000E2FFE7069890F888000128B2
:108B800004D1FFE702208DF81F00F5E106990120CE
:108B900081F88800FFE7FFE70699032081F8890044
:108BA00006990020C1F88C000599069A5166BDF817
:108BB0001210069AA2F86810BDF81210069AA2F8D0
:108BC0006A100699C8660699A1F870000699A1F87E
:108BD00072000699C8670699886706988068B0F59C
:108BE000C02F07D1FFE706980168086840F40060CD
:108BF000086009E006980068C068012161F35240EE
:108C000006990968C860FFE70698006840684FF653
:108C1000FF718843BDF8121008440699096848603E
:108C200006980168086840F00100086006984068EE
:108C3000B0F5800F07D1FFE706980168086840F497
:108C400000700860FFE70698C06810287ED3FFE731
:108C50000698006843F20001C4F2010188422DD059
:108C6000FFE70698006843F20001C5F2010188425F
:108C700024D0FFE70698006843F60001C4F2000123
:108C800088421BD0FFE70698006843F60001C5F252
:108C90000001884212D0FFE70698006843F60041C1
:108CA000C4F20001884209D0FFE70698006843F645
:108CB0000041C5F20001884248D1FFE7FFE706986E
:108CC000B0F86A00002840D0FFE7069800684069C5
:108CD0008007002810D5FFE706980168406E0068FD
:108CE00008620699486E043048660699B1F86A0031
:108CF0000138A1F86A0027E0FBF720F90199401A32
:108D00000399884204D3FFE70398013018B9FFE7BD
:108D10000398C0B9FFE7069802F0D4FE0699D1F88F
:108D20008C0040F48070C1F88C000699012081F815
:108D30008900FFE70699002081F88800FFE70320FB
:108D40008DF81F0018E1FFE7B9E7E8E00698C06872
:108D5000082863D3FFE7FFE70698B0F86A00002809
:108D60005BD0FFE7069800684069800700282BD594
:108D7000FFE70698B0F86A00022814D3FFE70698C8
:108D8000C06B80B1FFE706980168406E006808621A
:108D90000699486E043048660699B1F86A000238B0
:108DA000A1F86A000FE00698406E008802990880DA
:108DB0000699486E023048660699B1F86A00013893
:108DC000A1F86A00FFE727E0FBF7B8F80199401A1D
:108DD0000399884204D3FFE70398013018B9FFE7ED
:108DE0000398C0B9FFE7069802F06CFE0699D1F827
:108DF0008C0040F48070C1F88C000699012081F845
:108E00008900FFE70699002081F88800FFE703202A
:108E10008DF81F00B0E0FFE79EE77FE0FFE70698D0
:108E2000B0F86A00002878D0FFE70698006840692B
:108E30008007002848D5FFE70698B0F86A000428A4
:108E400015D3FFE70698C06B412810D3FFE70698BB
:108E50000168406E006808620699486E04304866F2
:108E60000699B1F86A000438A1F86A002BE0069868
:108E7000B0F86A00022814D3FFE70698C06B80B1EF
:108E8000FFE70698406E0088029908800699486EB0
:108E9000023048660699B1F86A000238A1F86A0003
:108EA00010E006980168406E007881F8200006996D
:108EB000486E013048660699B1F86A000138A1F899
:108EC0006A00FFE7FFE727E0FBF738F80199401A4F
:108ED0000399884204D3FFE70398013018B9FFE7EC
:108EE0000398C0B9FFE7069802F0ECFD0699D1F8A7
:108EF0008C0040F48070C1F88C000699012081F844
:108F00008900FFE70699002081F88800FFE7032029
:108F10008DF81F0030E0FFE781E7FFE7FFE70698E5
:108F2000039B01996A4611600821002202F06CFE41
:108F300040B1FFE70699D1F88C0040F02000C1F85D
:108F40008C00FFE7069802F0BDFD0699012081F82C
:108F50008900FFE70699002081F88800FFE706985E
:108F6000D0F88C0020B1FFE701208DF81F0003E04E
:108F700000208DF81F00FFE79DF81F0008B080BD9E
:108F800080B590B0DDF848C00E900D910C92ADF810
:108F90002E300E98006820300A900E98006830300D
:108FA00009900E98C16B012000EB5110ADF8120032
:108FB0000E98006844F60041C4F20101884209D0CD
:108FC000FFE70E98006844F60041C5F201018842AF
:108FD00001D1FFE700E0FFE7FAF7B0FF0890BDF826
:108FE0002E00ADF81600BDF82E00ADF814000E9856
:108FF00090F88900012804D0FFE702208DF83F0097
:10900000A2E30D9838B1FFE70C9820B1FFE7BDF857
:109010002E0020B9FFE701208DF83F0094E3FFE721
:109020000E9890F88800012804D1FFE702208DF8FF
:109030003F0089E30E99012081F88800FFE7FFE7F0
:109040000E99052081F889000E990020C1F88C0046
:109050000C990E9AD166BDF82E100E9AA2F87210D5
:10906000BDF82E100E9AA2F870100D990E9A516646
:10907000BDF82E100E9AA2F86A10BDF82E100E9AA6
:10908000A2F868100E9988670E99C8670E98006854
:10909000C06820F4C0200E990968C8600E98006866
:1090A00043F20001C4F2010188422DD0FFE70E987F
:1090B000006843F20001C5F20101884224D0FFE7B5
:1090C0000E98006843F60001C4F2000188421BD0EC
:1090D000FFE70E98006843F60001C5F200018842E0
:1090E00012D0FFE70E98006843F60041C4F2000179
:1090F000884209D0FFE70E98006843F60041C5F2A8
:109100000001884203D1FFE71020079002E0082009
:109110000790FFE70E98006840684FF6FF7188439C
:10912000BDF82E1008440E99096848600E98016831
:10913000086840F0010008600E984068B0F5800FA4
:1091400007D1FFE70E980168086840F400700860D6
:10915000FFE70E98C0681028C0F0EC80FFE70E987B
:10916000006843F20001C4F2010188422ED0FFE7FB
:109170000E98006843F20001C5F20101884225D033
:10918000FFE70E98006843F60001C4F20001884230
:109190001CD0FFE70E98006843F60001C5F20001FD
:1091A000884213D0FFE70E98006843F60041C4F2EE
:1091B000000188420AD0FFE70E98006843F600419C
:1091C000C5F20001884240F0B580FFE707988008AB
:1091D0000790FFE7BDF816100120039039B9FFE7AB
:1091E000BDF81400002818BF01200390FFE7039882
:1091F000C007002800F09D80FFE70E9800684069D6
:109200008007002822D5FFE7BDF81600F0B1FFE780
:10921000BDF81400BDF81610079A1144884215D203
:10922000FFE70E980168406E006808620E99486E6C
:10923000043048660E99B1F86A000138A1F86A0056
:109240000E98B0F86A00ADF81600FFE70E980068B7
:1092500040690690BDF81400002869D0FFE70E9819
:1092600000684069C007B0B1FFE70E980068006B66
:109270000E99C96E08600E99C86E0430C8660E99C2
:10928000B1F872000138A1F872000E98B0F87200BF
:10929000ADF814004BE0BDF81400BDF81210884280
:1092A0001CDAFFE79DF819000006002816D5FFE735
:1092B0000E980068006B0E99C96E08600E99C86E12
:1092C0000430C8660E99B1F872000138A1F8720036
:1092D0000E98B0F87200ADF8140027E0FAF72EFEF1
:1092E0000899401A1299884204D3FFE71298013076
:1092F00018B9FFE71298C0B9FFE70E9802F0E2FB39
:109300000E99D1F88C0040F48070C1F88C000E9951
:10931000012081F88900FFE70E99002081F888007C
:10932000FFE703208DF83F000EE2FFE7FFE7FFE7CE
:1093300050E7DCE10E98C0680828C0F0DE80FFE747
:10934000079840080790FFE7BDF81610012002902B
:1093500039B9FFE7BDF81400002818BF01200290BA
:10936000FFE70298C007002800F0C680FFE70E98CC
:10937000006840698007002822D5FFE7BDF8160085
:10938000F0B1FFE7BDF81400BDF81610079A1144BC
:10939000884215D2FFE70E98406E00880A9908802F
:1093A0000E99486E023048660E99B1F86A0001388D
:1093B000A1F86A000E98B0F86A00ADF81600FFE751
:1093C0000E98006840690690BDF81400002800F06F
:1093D0009280FFE70E9800684069C007A8B1FFE7D8
:1093E000099800880E99C96E08800E99C86E0230DF
:1093F000C8660E99B1F872000138A1F872000E9893
:10940000B0F87200ADF8140074E0BDF81400BDF8B7
:109410001210884224DAFFE79DF8190000060028A0
:109420001ED5FFE7099800880E99C96E08800E992D
:10943000C86E0230C866099800880E99C96E088007
:109440000E99C86E0230C8660E99B1F872000238E3
:10945000A1F872000E98B0F87200ADF8140048E060
:10946000BDF8140001281BD1FFE79DF81900800604
:10947000002815D5FFE7099800880E99C96E088065
:109480000E99C86E0230C8660E99B1F872000138A4
:10949000A1F872000E98B0F87200ADF8140027E041
:1094A000FAF74CFD0899401A1299884204D3FFE755
:1094B0001298013018B9FFE71298C0B9FFE70E986B
:1094C00002F000FB0E99D1F88C0040F48070C1F8D6
:1094D0008C000E99012081F88900FFE70E99002089
:1094E00081F88800FFE703208DF83F002CE1FFE7BB
:1094F000FFE7FFE7FFE727E7F8E0FFE7BDF8161013
:109500000120019039B9FFE7BDF81400002818BF09
:1095100001200190FFE70198C007002800F0E580D6
:10952000FFE70E98006840698007002823D5FFE711
:10953000BDF81600F8B1FFE7BDF81400BDF816102D
:10954000079A1144884216D2FFE70E980168406ED0
:10955000007881F820000E99486E013048660E9917
:10956000B1F86A000138A1F86A000E98B0F86A00F4
:10957000ADF81600FFE70E98006840690690BDF848
:109580001400002800F0B080FFE70E9800684069E2
:10959000C007B8B1FFE70E98006890F830000E9948
:1095A000C96E08700E99C86E0130C8660E99B1F880
:1095B00072000138A1F872000E98B0F87200ADF890
:1095C000140090E0BDF81400BDF8121088423EDA95
:1095D000FFE79DF819000006002838D5FFE70E9830
:1095E000006890F830000E99C96E08700E99C86E28
:1095F0000130C8660E98006890F830000E99C96E68
:1096000008700E99C86E0130C8660E98006890F810
:1096100030000E99C96E08700E99C86E0130C86688
:109620000E98006890F830000E99C96E08700E9977
:10963000C86E0130C8660E99B1F872000438A1F8FE
:1096400072000E98B0F87200ADF814004AE0BDF850
:10965000140003281DD8FFE79DF8190010F0600FD3
:1096600017D0FFE70E98006890F830000E99C96E89
:1096700008700E99C86E0130C8660E99B1F8720074
:109680000138A1F872000E98B0F87200ADF814001D
:1096900027E0FAF753FC0899401A1299884204D33C
:1096A000FFE71298013018B9FFE71298C0B9FFE739
:1096B0000E9802F007FA0E99D1F88C0040F48070F1
:1096C000C1F88C000E99012081F88900FFE70E99FE
:1096D000002081F88800FFE703208DF83F0033E089
:1096E000FFE7FFE7FFE7FFE708E7FFE7FFE70E9881
:1096F000129B08996A4611600821002202F084FA40
:1097000040B1FFE70E99D1F88C0040F02000C1F87D
:109710008C00FFE70E9802F0D5F90E99012081F830
:109720008900FFE70E99002081F88800FFE70E9876
:10973000D0F88C0020B1FFE701208DF83F0003E056
:1097400000208DF83F00FFE79DF83F0010B080BD7E
:1097500082B0019001980090042843D80099DFE876
:1097600001F00C1D2F4103004EF21001CEF200015A
:10977000086840F00400086035E04EF21001CEF2B7
:109780000001086820F00400086040F6E441C4F2DB
:109790000241086820F00C00086024E04EF210013D
:1097A000CEF20001086820F00400086040F6E441B1
:1097B000C4F202410868012262F38300086012E0EB
:1097C0004EF21001CEF20001086820F0040008609B
:1097D00040F6E441C4F202410868022262F38300C9
:1097E000086000E0FFE702B07047000082B0009020
:1097F00000980138B0F1807F03D3FFE7012001908A
:1098000016E0009801384EF21401CEF20001086013
:109810004EF21801CEF20001002008604EF2100254
:10982000CEF20002116841F0030111600190FFE7E0
:10983000019802B07047000083B04EF21000CEF2E3
:10984000000000684007002803D5FFE704200290CD
:1098500020E040F6E440C4F20240006800F00C0052
:1098600001900198009040B1FFE70098042807D0CC
:10987000FFE70098082806D008E00020029008E0E2
:109880000120029005E00220029002E000200290F8
:10989000FFE7FFE7029803B07047000081B0009037
:1098A00001B0704781B0009001B0704781B0009066
:1098B00001B0704781B0009001B0704781B0009056
:1098C00001B0704781B0009001B0704785B003903F
:1098D0000291FFE7039890F83C00012804D1FFE7CC
:1098E00002208DF81300F6E00399012081F83C0076
:1098F000FFE7FFE70399022081F83D000398006825
:1099000040680190039800688068009003980068A0
:1099100042F60041C4F2010188421BD0FFE70398E0
:10992000006842F60041C5F20101884212D0FFE70B
:109930000398006843F20041C4F20101884209D053
:10994000FFE70398006843F20041C5F20101884235
:109950000AD1FFE7019820F4700001900298416855
:10996000019808430190FFE701984FF68F71CFF6F9
:10997000FF51084001900298016801980843019046
:1099800001980399096848600398006842F600410D
:10999000C4F20101884200F08280FFE7039800686A
:1099A00042F60041C5F20101884278D0FFE70398F2
:1099B0000068B0F1804F72D0FFE703980068B0F103
:1099C000A04F6CD0FFE70398006840F20041C4F25A
:1099D0000001884263D0FFE70398006840F200412D
:1099E000C5F2000188425AD0FFE70398006840F6AC
:1099F0000001C4F20001884251D0FFE703980068DB
:109A000040F60001C5F20001884248D0FFE7039804
:109A1000006840F60041C4F2000188423FD0FFE7F1
:109A20000398006840F60041C5F20001884236D034
:109A3000FFE70398006843F20041C4F20101884245
:109A40002DD0FFE70398006843F20041C5F2010101
:109A5000884224D0FFE70398006841F60001C4F271
:109A6000000188421BD0FFE70398006841F600011F
:109A7000C5F20001884212D0FFE70398006844F263
:109A80000001C4F20101884209D0FFE70398006891
:109A900044F20001C5F2010188420ED1FFE70098AF
:109AA00020F08000009002988168009808430090A0
:109AB0000098039909688860FFE70399012081F8FD
:109AC0003D00FFE70399002081F83C00FFE70020FC
:109AD0008DF81300FFE79DF8130005B070470000F4
:109AE00081B0009001B0704780B582B000900098BE
:109AF00020B9FFE701208DF8070045E0009890F8B5
:109B00003D0040B9FFE70099002081F83C00009833
:109B100000F03EF8FFE70099022081F83D0000992F
:109B200051F8040B02F024FA0099012081F8480052
:109B3000FFE70099012081F83E00009981F83F007D
:109B4000009981F84000009981F84100009981F85E
:109B50004200009981F84300FFE7FFE700990120E8
:109B600081F84400009981F84500009981F8460089
:109B7000009981F84700FFE70099012081F83D0036
:109B800000208DF80700FFE79DF8070002B080BDB8
:109B900080B584B003900398006841F20001C4F2DC
:109BA0000001884219D1FFE7FFE740F69C40C4F26C
:109BB0000240016841F010010160006800F01000EF
:109BC00002900298FFE73120019000221146FAF737
:109BD000B9FA0198FAF7ACFAFFE704B080BD0000CB
:109BE00083B00190019890F83D00012804D0FFE770
:109BF00001208DF80B00B2E00199022081F83D00B0
:109C00000198006842F60041C4F20101884200F068
:109C10008280FFE70198006842F60041C5F2010129
:109C2000884278D0FFE701980068B0F1804F72D089
:109C3000FFE701980068B0F1A04F6CD0FFE70198F2
:109C4000006840F20041C4F20001884263D0FFE79F
:109C50000198006840F20041C5F2000188425AD0E4
:109C6000FFE70198006840F60001C4F20001884255
:109C700051D0FFE70198006840F60001C5F20001ED
:109C8000884248D0FFE70198006840F60041C4F2DE
:109C9000000188423FD0FFE70198006840F600418C
:109CA000C5F20001884236D0FFE70198006843F210
:109CB0000041C4F2010188422DD0FFE701980068FD
:109CC00043F20041C5F20101884224D0FFE7019828
:109CD000006841F60001C4F2000188421BD0FFE792
:109CE0000198006841F60001C5F20001884212D0D7
:109CF000FFE70198006844F20001C4F201018842C4
:109D000009D0FFE70198006844F20001C5F20101A3
:109D1000884219D1FFE70198006880680721C0F2E6
:109D2000010108400090009806280CD0FFE7009839
:109D3000B0F5803F07D0FFE701980168086840F060
:109D400001000860FFE706E001980168086840F03C
:109D500001000860FFE700208DF80B00FFE79DF889
:109D60000B0003B07047000081B0009001B0704755
:109D700080B584B0039003980068C068029003988F
:109D80000068006901909DF804008007002824D530
:109D9000FFE79DF80800800700281DD5FFE703981E
:109DA00001686FF0020008610399012008770398A9
:109DB00000688069800720B1FFE70398FFF7D4FFB0
:109DC00006E0039800F054F9039800F055F9FFE716
:109DD000039900200877FFE7FFE79DF8040040079C
:109DE000002825D5FFE79DF80800400700281ED56C
:109DF000FFE7039801686FF00400086103990220EF
:109E0000087703980068806910F4407F04D0FFE76A
:109E10000398FFF7A9FF06E0039800F029F90398DB
:109E200000F02AF9FFE7039900200877FFE7FFE732
:109E30009DF804000007002824D5FFE79DF80800DE
:109E4000000700281DD5FFE7039801686FF00800A0
:109E5000086103990420087703980068C0698007A7
:109E600020B1FFE70398FFF77FFF06E0039800F0BB
:109E7000FFF8039800F000F9FFE703990020087746
:109E8000FFE7FFE79DF80400C006002825D5FFE79F
:109E90009DF80800C00600281ED5FFE7039801685A
:109EA0006FF0100008610399082008770398006894
:109EB000C06910F4407F04D0FFE70398FFF754FF18
:109EC00006E0039800F0D4F8039800F0D5F8FFE717
:109ED000039900200877FFE7FFE79DF80400C0071B
:109EE00078B1FFE79DF80800C00748B1FFE7039885
:109EF00001686FF001000861039800F0C1F8FFE706
:109F0000FFE7019800F08000802806D0FFE79DF869
:109F100005008006002810D5FFE79DF80800000620
:109F2000002809D5FFE7039801686FF40250086123
:109F30000398FFF7B7FCFFE7FFE79DF80500C007B0
:109F400080B1FFE79DF808000006002809D5FFE76B
:109F5000039801686FF4807008610398FFF79EFC16
:109F6000FFE7FFE79DF804004006002810D5FFE753
:109F70009DF808004006002809D5FFE7039801680E
:109F80006FF040000861039800F07EF8FFE7FFE7FC
:109F90009DF804008006002810D5FFE79DF8080012
:109FA0008006002809D5FFE7039801686FF02000BC
:109FB00008610398FFF77AFCFFE7FFE79DF80600CA
:109FC000C006002810D5FFE79DF80A00C00600284B
:109FD00009D5FFE7039801686FF4801008610398C2
:109FE000FFF76CFCFFE7FFE79DF8060080060028FE
:109FF00010D5FFE79DF80A008006002809D5FFE785
:10A00000039801686FF4001008610398FFF752FC91
:10A01000FFE7FFE79DF806004006002810D5FFE7A0
:10A020009DF80A004006002809D5FFE7039801685B
:10A030006FF4800008610398FFF744FCFFE7FFE737
:10A040009DF806000006002810D5FFE79DF80A00DD
:10A050000006002809D5FFE7039801686FF40000A7
:10A0600008610398FFF73CFDFFE7FFE704B080BD00
:10A0700081B0009001B0704781B0009001B070478E
:10A0800081B0009001B0704781B0009001B070477E
:10A0900080B582B00090009820B9FFE701208DF8CC
:10A0A000070046E00098806908B1FFE700E0FFE79D
:10A0B0000098D0F8880040B9FFE70099002081F8A7
:10A0C0008400009800F03AF8FFE700992420C1F8D6
:10A0D000880000980168086820F001000860009876
:10A0E000806A20B1FFE7009802F088F8FFE7009847
:10A0F00002F01CFA012804D1FFE701208DF80700C7
:10A1000017E000980168486820F490404860009883
:10A110000168886820F02A00886000980168086853
:10A1200040F001000860009802F00CF98DF807007B
:10A13000FFE79DF8070002B080BD000081B00090ED
:10A1400001B07047FFE7FEE781B000900099886892
:10A150004FF6C072C5F6FF721040886001B07047BC
:10A1600081B00090009880684FF6C071C7F6FF710B
:10A17000084001300099886001B0704781B00090BC
:10A1800048F2C801C4F20221086840F001000860EA
:10A1900001B0704781B000900099D1F8C80040F03C
:10A1A0000100C1F8C80001B07047000081B0009004
:10A1B0000098806840F080504FF6C071C7F6FF717C
:10A1C00008400099886001B07047000081B000909D
:10A1D0000098806800F0E07001B0704781B0009096
:10A1E0000098806800F4604001B0704781B0009032
:10A1F0000098806800F01F0001B0704783B00290A3
:10A2000001910298019900EB810060300090009864
:10A21000006800F0F84003B07047000081B0009083
:10A2200000988068C0F3C00001B0704781B0009012
:10A230000098C06C00F4C070B0FA80F0400901B022
:10A240007047000081B0009000988068C0F34070B3
:10A2500001B0704781B000900098806800F0010064
:10A2600001B0704781B0009000988068C0F3007022
:10A2700001B0704781B0009000988068C0F3800002
:10A2800001B0704781B000900098C06800F4406051
:10A29000B0FA80F0400901B07047000084B003902C
:10A2A000029101920398029901F4407100EB911020
:10A2B0003030009000980068029901F01F021F21C1
:10A2C000914088430199C1F384619140084300990A
:10A2D000086004B07047000081B00090009880686A
:10A2E0004FF6C071C7F6FF710840043000998860CE
:10A2F00001B0704784B003900291019203980299D3
:10A3000001F0007100EBD15014300090009800680B
:10A310000299C1F304520721914088430199914069
:10A3200008430099086004B07047000083B00290B1
:10A33000019100920298D0F8B00001996FF31F517B
:10A340008843009A02F018034FF6FF72C0F20F0222
:10A35000DA40114008440299C1F8B00003B07047D8
:10A3600082B0019000910198806820F47C100099DF
:10A3700008430199886002B07047000082B00190E4
:10A3800000910198806820F0E070009908430199DD
:10A39000886002B07047000085B00490039102927B
:10A3A00001930498039900EB8100603000900098BD
:10A3B00000684FF20001C0F2FF310140029800F046
:10A3C000F840019A1043084340F0004000990860AB
:10A3D00005B0704784B003900291019203980299EE
:10A3E00000EB8100603000900098006820F0007061
:10A3F000019908430099086004B0704784B0039045
:10A40000029101920398029900EB81006030009064
:10A410000098006820F08070019908430099086056
:10A4200004B0704784B0039002910192039802999E
:10A4300000EB8100603000900098006820F0004040
:10A44000019908430099086004B0704782B00190F8
:10A4500000910198406920F000400099084301995B
:10A46000486102B07047000080B584B08DF80F00DD
:10A470000A20082100F01CF99DF80F00C00790B1D8
:10A48000FFE70021084600F013F90120FF210291A7
:10A4900000F00EF902990D2000F00AF9029912203D
:10A4A00000F006F912E001200021009100F000F90F
:10A4B0000098FF21019100F0FBF801990C2000F0B9
:10A4C000F7F80199132000F0F3F8FFE704B080BD1E
:10A4D00080B586B0049003910292049940F65C1016
:10A4E000C2F2000000900268116103990268516194
:10A4F0000068FEF7E7F800980068FEF70FF920B152
:10A50000FFE700208DF817007BE000208DF80700A2
:10A510000A20082100F0CCF820B9FFE700208DF8D0
:10A5200017006EE000208DF807000A200DF10701EA
:10A5300000F06CF820B9FFE700208DF8170060E00C
:10A540009DF8070008280CD0FFE7029828B1FFE724
:10A550009DF8070002990870FFE700208DF81700AA
:10A560004FE00020AA2100F0A3F820B9FFE7002067
:10A570008DF8170045E000208DF807000DF1070168
:10A5800000F044F820B9FFE700208DF8170038E00C
:10A590009DF80700AA280CD0FFE7029828B1FFE732
:10A5A0009DF8070002990870FFE700208DF817005A
:10A5B00027E00020552100F07BF820B9FFE70020BC
:10A5C0008DF817001DE000208DF807000DF1070140
:10A5D00000F01CF820B9FFE700208DF8170010E00C
:10A5E000029828B1FFE79DF8070002990870FFE77D
:10A5F0009DF807005538B0FA80F040098DF8170033
:10A60000FFE79DF8170006B080BD000080B588B058
:10A610008DF81E00069140F64E10C2F20000007840
:10A6200000F00700400041308DF817009DF817003A
:10A630008DF814009DF81E008DF8150000228DF88D
:10A6400016208DF81220ADF810200020C4F2022050
:10A6500002904FF480710191F9F75AFC40F65C10BA
:10A66000C2F2000000686A460221116005A904AA2E
:10A670000323FEF785FC0199024602988DF80F200E
:10A680000122F9F745FC9DF80F0020B1FFE70020FB
:10A690008DF81F0007E09DF8120006990870012050
:10A6A0008DF81F00FFE79DF81F0008B080BD000077
:10A6B00080B584B08DF80F008DF80E1040F64E1066
:10A6C000C2F20000007800F00700400040308DF832
:10A6D0000D009DF80D008DF80A009DF80F008DF813
:10A6E0000B009DF80E008DF80C000020C4F2022033
:10A6F00001904FF4807100910022F9F709FC40F6B7
:10A700005C10C2F2000000680DF10A01032202236E
:10A71000FEF7FAF90099024601988DF80920012206
:10A72000F9F7F6FB9DF80900B0FA80F0400904B093
:10A7300080BD000080B58AB0002100910991089188
:10A7400007910691059104910391029140F2B43072
:10A75000C2F20000019048F20002C4F2022202603C
:10A760004FF40022426010228260C1600122026127
:10A7700004234361017641760823C36180F82010E9
:10A780004FF4B46383624FF48063C36280F8342073
:10A790000163816380F83C10F7F768FE18B1FFE7AA
:10A7A000F6F7BAFFFFE7012002900620039003208E
:10A7B00004907F200590042006900020079040F22E
:10A7C000B430C2F2000002A9F6F7C6FF18B1FFE7E5
:10A7D000F6F7A2FFFFE70220C0F2304002900C2003
:10A7E000039040F2B430C2F2000002A9F6F7B4FFC1
:10A7F00018B1FFE7F6F790FFFFE72020C1F2F04025
:10A8000002901220039040F2B430C2F2000002A97C
:10A81000F6F7A2FF18B1FFE7F6F77EFFFFE740F279
:10A820000040C2F6002002901820039040F2B4309D
:10A83000C2F2000002A9F6F78FFF18B1FFE7F6F7A2
:10A840006BFFFFE740F60000C2F6306002904FF465
:10A850008070039040F2B430C2F2000002A9F6F713
:10A860007BFF18B1FFE7F6F757FFFFE741F2000063
:10A87000C3F2602002904FF48370039040F2B43032
:10A88000C2F2000002A9F6F767FF18B1FFE7F6F77A
:10A8900043FFFFE742F20000C3F2906002904FF4E2
:10A8A0008670039040F2B430C2F2000002A9F6F7BD
:10A8B00053FF18B1FFE7F6F72FFFFFE740F2001054
:10A8C000C2F2801002904FF48970039040F2B430CD
:10A8D000C2F2000002A9F6F73FFF18B1FFE7F6F752
:10A8E0001BFFFFE70AB080BD80B582B0FFE740F6EE
:10A8F0008840C4F20240016841F001010160006833
:10A9000000F0010001900198FFE71B200090002259
:10A910001146F9F717FC0098F9F70AFC02B080BD60
:10A9200080B58EB000200D900C900B900A9009908D
:10A93000FFE740F68C40C4F20240016841F0040198
:10A940000160006800F0040008900898FFE7FFE746
:10A9500040F68C40C4F20240016841F00101016000
:10A96000006800F0010007900798FFE7FFE740F656
:10A970008C40C4F20240016841F0020101600068AD
:10A9800000F0020006900698FFE740F20040C4F293
:10A99000022000900121029100220392F9F7B8FAF7
:10A9A000029A0020C4F2022004904FF480710191B9
:10A9B000F9F7AEFA0398102109910A900B9040F62E
:10A9C0000000C4F2022009A90591F9F7FFF80098E8
:10A9D000029B039A059909930A930B920C92F9F73B
:10A9E000F5F8DDF804C0029B039A04980599CDF8A8
:10A9F00024C00A930B9202220C92F9F7E7F80EB0EA
:10AA000080BD000080B50020F9F79EFA18B1FFE77D
:10AA1000F6F782FEFFE7F9F7B7FA18B1FFE7F6F7A6
:10AA20007BFEFFE780BD000080B582B040F61800D5
:10AA3000C2F20000009043F20001C4F20101016083
:10AA40004FF4800141600021019181600722C260C2
:10AA5000016141614FF0806383614FF0C043C36186
:10AA6000016241628162C26241638163C163816448
:10AA7000C164016541658165C1650166FDF74EFEF2
:10AA800018B1FFE7F6F748FEFFE702B080BD00000F
:10AA900080B584B0002103910291019140F6A80095
:10AAA000C2F2000041F20002C4F200020260F92288
:10AAB0004260816040F2E732C2608161FFF714F8C2
:10AAC00018B1FFE7F6F728FEFFE7202001900020ED
:10AAD000039040F6A800C2F2000001A9FEF7F6FEBE
:10AAE00018B1FFE7F6F718FEFFE704B080BD0000DD
:10AAF00080B582B00190009140F20C00C2F20000DB
:10AB000000680199086000980068019948600199FF
:10AB10000C204861009840890199086100984068BC
:10AB200001998860009800890199C860009880891F
:10AB30000199886101994FF40040C8610199002092
:10AB400048620198FFF7A4FA02B080BD80B582B0D8
:10AB500040F23450C2F20000019046F20001C4F20B
:10AB600001010160082101710221C17141720021BE
:10AB70008172C172017341738173C1730174F9F7FA
:10AB80001BFB18B1FFE7F6F7C7FDFFE702B080BD7A
:10AB900040F64D10C2F200000078704780B5A2B0B8
:10ABA0001590159940F65C10C2F200000160006833
:10ABB00008B9FFE7ADE140F64F11C2F200010020F5
:10ABC0000690087040F64D11C2F20001087040F680
:10ABD0004C11C2F20001087040F64811C2F20001A7
:10ABE000086040F65911C2F20001087040F291313C
:10ABF000C2F20001087040F23801C2F200010120E7
:10AC00000870FF208DF853008DF8520040F65C105C
:10AC1000C2F200000068FDF755FD069813901290EF
:10AC2000119010900F90FFE740F68C40C4F2024064
:10AC3000016841F001010160006800F001000E9020
:10AC40000E98FFE740200F90002005901090129082
:10AC5000012011900020C4F202200FA9F8F7B6FFDE
:10AC600005980D90FFE70D9841F28731884206D88C
:10AC7000FFE700BFFFE70D9801300D90F3E70020DC
:10AC8000C4F2022003904021F9F716F90246039816
:10AC900000210491012A08BF7F218DF83310022181
:10ACA00011910FA9F8F792FF04980B90FFE70B980A
:10ACB00041F28731884206D8FFE700BFFFE70B98D3
:10ACC00001300B90F3E70020C4F202204021F9F795
:10ACD000F3F801460020012908BF7F208DF82B00E2
:10ACE00007F0D4FC88B3FFE7B0208DF828001121CD
:10ACF0008DF829109DF833108DF82A108DF8250055
:10AD000012208DF826009DF82B008DF827000020DA
:10AD100002908DF887000AA92091032101911F91CB
:10AD20009DF88710209A1F9B07F036FB0199029827
:10AD30008DF87B000DF125021D921C919DF87B1072
:10AD40001D9A1C9B07F028FBFFE700208DF82400CC
:10AD5000FFE79DF8241000200129009008DCFFE7A0
:10AD60009DF85200FF38B0FA80F040090090FFE7EC
:10AD70000098C00700285FD0FFE700208DF823006F
:10AD8000FFE79DF8230007284FDCFFE79DF824002C
:10AD900020B9FFE700208DF8230005E09DF823008F
:10ADA00008B9FFE73BE0FFE79DF8230000F007004C
:10ADB00040F64E11C2F20001087000210DF153025D
:10ADC0000846FFF785FBE0B9FFE700204FF08071F0
:10ADD0000DF15302FFF77CFB98B9FFE74FF00070CD
:10ADE00000210DF15302FFF773FB50B9FFE74FF05D
:10ADF00000704FF080710DF15302FFF769FB40B115
:10AE0000FFE740F64E10C2F2000000788DF85200C5
:10AE10000BE09DF8240008B9FFE706E0FFE79DF886
:10AE2000230001308DF82300ABE7FFE79DF82400F5
:10AE300001308DF824008CE79DF85200FF282ED0B9
:10AE4000FFE70120FFF710FB07F020FCC0B1FFE790
:10AE5000B0208DF8200015208DF821009DF85200BB
:10AE60008DF8220000208DF86F0008A91A910321A7
:10AE700019919DF86F101A9A199B07F08DFAFFE748
:10AE800040F64F11C2F200010120087040F64D114A
:10AE9000C2F200010870542000F0ECFE39E05520A9
:10AEA00000F0E8FE07F0F2FBC8B1FFE7B0208DF834
:10AEB0001D001D208DF81E009DF853008DF81F0009
:10AEC00000208DF863000DF11D01179103211691EB
:10AED0009DF86310179A169B07F05EFAFFE79DF83E
:10AEE0005300FF280AD1FFE740F64D11C2F20001DE
:10AEF00002200870572000F0BDFE09E040F64D1119
:10AF0000C2F2000103200870582000F0B3FEFFE7F2
:10AF1000FFE722B080BD000040F64F10C2F20000F3
:10AF2000007800F00100704780B58EB007F0AEFBEE
:10AF300008B9FFE753E0B0208DF8110016218DF815
:10AF4000121040F65911C2F2000109788DF8131061
:10AF50008DF80E0017218DF80F1040F29131C2F2DA
:10AF6000000109788DF810108DF80B0018208DF86D
:10AF70000C0040F23800C2F20000007800F001003E
:10AF80008DF80D00002001908DF837000DF11101B2
:10AF90000C91032100910B919DF837100C9A0B9B9B
:10AFA00007F0FAF9009901988DF82B000DF10E02C7
:10AFB000099208919DF82B10099A089B07F0ECF96B
:10AFC000009901988DF81F000DF10B020692059172
:10AFD0009DF81F10069A059B07F0DEF9FFE70EB0FB
:10AFE00080BD000081B000208DF80300FFE79DF8D0
:10AFF00003000F2817DCFFE79DF8032040F28131A2
:10B00000C2F20001002088549DF8032040F6FC01A4
:10B01000C2F2000141F82200FFE79DF80300013071
:10B020008DF80300E3E701B07047000080B5A0B0E1
:10B03000F8F784FF109040F65C10C2F20000006840
:10B0400008B9FFE76FE240F64F10C2F20000007847
:10B05000C00708B9FFE766E207F018FB08B9FFE789
:10B0600061E2109840F2EC01C2F200010968401A56
:10B07000092801D8FFE756E2109840F2EC01C2F22D
:10B080000001086000208DF83F00109840F2E801B0
:10B09000C2F200010968401AB0F57A7F0AD9FFE7C9
:10B0A000109840F2E801C2F20001086001208DF81A
:10B0B0003F00FFE740F64C10C2F200000078C007E6
:10B0C000002840F00481FFE7109840F2E401C2F24A
:10B0D00000010968401A3D287AD3FFE7109840F232
:10B0E000E401C2F20001086040F2F401C2F2000182
:10B0F0000A7800200490022AB8BF01208DF83E0093
:10B10000087800F0010080008DF83D0008780130DB
:10B1100000F0030008709DF83D209DF83E0000F00F
:10B120000100002818BF022040F00101002A18BFCA
:10B13000084640F2E001C2F2000108709DF83E00AE
:10B1400000F00100FFF790F904988DF83C009DF89D
:10B150003E00C1071220002918BF13208DF83B00C4
:10B1600001208DF83A009DF83B000FA9FFF74EFA39
:10B17000F8B1FFE79DF83C00D0B9FFE701208DF85A
:10B18000380041F6B010ADF83600002003908DF87D
:10B190007F000DF136011E9103211D919DF87F1056
:10B1A0001E9A1D9B07F0F8F803988DF83A00FFE708
:10B1B000FFE79DF83A00C00748B1FFE79DF83D1052
:10B1C0009DF83E0000F0010000F0B0F9FFE7FFE756
:10B1D000109840F2F001C2F200010968401AB0F57F
:10B1E0007A7F73D9FFE7109840F2F001C2F20001B4
:10B1F000086040F2E000C2F200000078C0F34000B6
:10B200008DF835009DF83500C1071220002918BFC0
:10B2100013208DF8340000208DF833009DF83400A1
:10B220000DF13301FFF7F2F900284ED0FFE7B0200F
:10B230008DF830001A218DF8311040F2E001C2F291
:10B24000000109788DF832108DF82D001B218DF842
:10B250002E109DF8331001F00F018DF82F108DF88E
:10B260002A001C208DF82B009DF8330000098DF872
:10B270002C00002002908DF873000CA91B91032173
:10B2800001911A919DF873101B9A1A9B07F084F88C
:10B29000019902988DF867000DF12D02189217910F
:10B2A0009DF86710189A179B07F076F80199029895
:10B2B0008DF85B000DF12A02159214919DF85B1038
:10B2C000159A149B07F068F8FFE7FFE72BE140F2BF
:10B2D0003800C2F200000178CA071321002A18BF03
:10B2E00012218DF829100078C1071220002918BFFB
:10B2F00013208DF8280040F29130C2F2000001784E
:10B300000F2088408DF82700FF208DF826000020B0
:10B310008DF82500FFE79DF82500032800F3FC8049
:10B32000FFE79DF827009DF8251040F29132C2F208
:10B33000000212780A440121914088438DF82400CC
:10B340009DF827109DF8240060EA01008DF8240084
:10B350009DF829009DF82410FFF7AAF968B9FFE7C6
:10B360009DF829009DF82610FFF7A2F940F64D112F
:10B37000C2F2000103200870D5E000200890FFE72A
:10B380000898C72806D8FFE700BFFFE708980130F4
:10B390000890F5E700208DF81F009DF828000DF1BA
:10B3A0001F01FFF733F968B9FFE79DF829009DF801
:10B3B0002610FFF77DF940F64D11C2F2000103207F
:10B3C0000870B0E09DF81F0040F65911C2F200016C
:10B3D0000978C84000F00F008DF81E009DF83F006E
:10B3E000C00760B9FFE79DF81E009DF8252040F2D8
:10B3F0001001C2F20001895C884224D0FFE79DF869
:10B400001E009DF8252040F21001C2F20001885470
:10B41000B0208DF81B009DF825001E308DF81C0013
:10B420009DF81E008DF81D0000208DF84F000DF1D5
:10B430001B011291032111919DF84F10129A119B3B
:10B4400006F0AAFFFFE79DF81E100F2088438DF835
:10B450001A0000208DF81900FFE79DF81900032855
:10B4600053DCFFE79DF819109DF8250000EB8100E3
:10B470008DF818009DF81A009DF81910C84000F0CA
:10B4800001008DF817009DF817009DF8182040F274
:10B490008131C2F20001895C88422FD0FFE7109809
:10B4A0009DF8182040F6FC01C2F2000151F822106C
:10B4B000401A332822D3FFE79DF817009DF8182083
:10B4C00040F28131C2F20001885410989DF8182092
:10B4D00040F6FC01C2F2000141F822009DF818007C
:10B4E0003C309DF81710C0B200F000FC40F2004064
:10B4F000C4F202200121F8F7F7FCFFE7FFE79DF80F
:10B50000190001308DF81900A7E7FFE79DF8250025
:10B5100001308DF82500FEE69DF829009DF82610E3
:10B52000FFF7C6F8FFE720B080BD000080B586B009
:10B530008DF816008DF815109DF81600C107132020
:10B54000002918BF12208DF814009DF81600C107BD
:10B550001220002918BF13208DF813009DF8151034
:10B560000F2088408DF8120000208DF81100FFE7B1
:10B570009DF81100032800F3D880FFE79DF8120022
:10B580009DF811109DF815200A440121914088432F
:10B590008DF810009DF812109DF8100060EA01006F
:10B5A0008DF810009DF814009DF81010FFF780F83A
:10B5B00020B9FFE700208DF81700BFE000200390BE
:10B5C000FFE70398C72806D8FFE700BFFFE7039807
:10B5D00001300390F5E700208DF80B009DF8130073
:10B5E0000DF10B01FFF712F820B9FFE700208DF8ED
:10B5F0001700A3E09DF80B0000F00F008DF80A0083
:10B600009DF80B0000098DF809009DF80A000F381D
:10B6100018BF01208DF808009DF809000F3818BFE9
:10B6200001208DF807009DF80800C00730B9FFE73A
:10B630009DF80700C007002870D0FFE79DF81600AE
:10B6400000F0010040F23801C2F2000108709DF8DC
:10B65000150040F29131C2F2000108709DF8080017
:10B66000C00760B1FFE79DF80700C00738B9FFE7E2
:10B6700040F65911C2F200010020087030E09DF838
:10B680000700C00760B1FFE79DF80800C00738B9A0
:10B69000FFE740F65911C2F20001042008701EE0D5
:10B6A0009DF80A0004F0EAFDC0F104008DF80600E0
:10B6B0009DF8090004F0E2FDC0F104008DF80500DA
:10B6C0009DF805109DF8062000209142C8BF01207A
:10B6D000800040F65911C2F200010870FFE7FFE751
:10B6E00040F64C11C2F20001012000900870F8F7FA
:10B6F00025FC40F64811C2F200010860FFF772FC19
:10B70000FFF712FC562000F0B5FA9DF81400FF2157
:10B71000FEF7CEFF00988DF817000FE0FFE79DF8C9
:10B72000110001308DF8110022E79DF81400FF216F
:10B73000FEF7BEFF00208DF81700FFE79DF8170009
:10B7400006B080BDFFE7FEE7FFE7FEE788B00790A1
:10B7500006910592079800F0070004900498C0F144
:10B760000700052803D3FFE70420019004E00498B4
:10B77000C0F107000190FFE701980390049804309E
:10B78000062803D8FFE70020009003E00498033860
:10B790000090FFE70098029006980399012202FAB0
:10B7A00001F101390840029B984005999A40013AFD
:10B7B0001140084308B070477047000080B5B6B02C
:10B7C00002A80190D021F4F7CBFE0198002103914B
:10B7D0004FF0807202921891FAF7A0FE18B1FFE7BD
:10B7E000F5F79AFFFFE736B080BD000080B584B062
:10B7F000029040F60041C4F20241086820F08060E7
:10B800000860F8F79BFB0190FFE740F60040C4F2A8
:10B810000240006800F000610020B0EBD16F0CD056
:10B82000FFE7F8F78BFB0199401A032804D3FFE7E1
:10B8300003208DF80F008BE0E7E7FFE740F62C418F
:10B84000C4F20241086843F603729043029B1A68EF
:10B850005B6842EA03221043086002998868D1F8C5
:10B860000CC00B694A6901386FF35F204FF6006125
:10B87000CFF6FF7101EB4C2189B208440021CFF6CD
:10B88000FF7101EB034101F4FE0108444FF07F41D9
:10B8900001EB026101F0FE41084440F63C41C4F274
:10B8A00002410860FFE740F62C41C4F202410091DA
:10B8B000086820F00C00029A92691043086008683A
:10B8C00020F02000029AD269104308600298426A70
:10B8D000086810430860086820F01000086040F60F
:10B8E0004042C4F2024210684FF6F8739843029B3C
:10B8F0001B6A40EAC3001060086840F0100008604E
:10B9000040F60041C4F20241086840F080600860DF
:10B91000F8F714FB0190FFE740F60040C4F2024044
:10B92000006800F000610020B0EBD16F0CD1FFE7A0
:10B93000F8F704FB0199401A032804D3FFE703201A
:10B940008DF80F0004E0E7E700208DF80F00FFE717
:10B950009DF80F0004B080BD80B584B0029040F621
:10B960000041C4F20241086820F080500860F8F7F6
:10B97000E5FA0190FFE740F60040C4F2024000689B
:10B9800000F000510020B0EB517F0CD0FFE7F8F73A
:10B99000D5FA0199401A032804D3FFE703208DF854
:10B9A0000F008BE0E7E7FFE740F63041C4F20241C9
:10B9B000086843F603729043029B1A685B6842EA88
:10B9C00003221043086002998868D1F80CC00B6903
:10B9D0004A6901386FF35F204FF60061CFF6FF71BF
:10B9E00001EB4C2189B208440021CFF6FF7101EB35
:10B9F000034101F4FE0108444FF07F4101EB026175
:10BA000001F0FE41084440F64441C4F2024108609E
:10BA1000FFE740F63041C4F202410091086820F08F
:10BA20000C00029A926910430860086820F0200018
:10BA3000029AD269104308600298426A086810436B
:10BA40000860086820F01000086040F64842C4F220
:10BA5000024210684FF6F8739843029B1B6A40EA53
:10BA6000C3001060086840F01000086040F6004114
:10BA7000C4F20241086840F080500860F8F75EFAAE
:10BA80000190FFE740F60040C4F20240006800F079
:10BA900000510020B0EB517F0CD1FFE7F8F74EFAD0
:10BAA0000199401A032804D3FFE703208DF80F0003
:10BAB00004E0E7E700208DF80F00FFE79DF80F0096
:10BAC00004B080BD82B00190019800684069009088
:10BAD00001980168886940F0080088610198016850
:10BAE000886940F01000886101980168086820F0BA
:10BAF0000100086001980168086940F26F329043C4
:10BB0000086101980168886820F4404088600198C5
:10BB100090F88900042815D0FFE79DF80000800602
:10BB200000280ED5FFE70199D1F88C0040F0800085
:10BB3000C1F88C0001980168886940F02000886194
:10BB4000FFE7FFE7019890F88900032815D0FFE789
:10BB50009DF80000400600280ED5FFE70199D1F8B6
:10BB60008C0040F00400C1F88C00019801688869DD
:10BB700040F040008861FFE7FFE79DF80100800783
:10BB800000280ED5FFE70199D1F88C0040F00100A4
:10BB9000C1F88C0001980168886940F400708861E0
:10BBA000FFE79DF80100C00770B1FFE70199D1F8E8
:10BBB0008C0040F00800C1F88C0001980168886989
:10BBC00040F480708861FFE701990020A1F86A00C5
:10BBD0000199A1F8720002B07047000083B0029092
:10BBE0000298C16B012000EB511001900298C068CF
:10BBF0000130009000980730C0080090009801992B
:10BC000000FB01F003B0704780B586B0DDF820C0BE
:10BC1000049003918DF80B200193FFE704980068CE
:10BC2000406903990840401AB0FA80F040099DF835
:10BC30000B10884214D1FFE7F8F780F90899401AF1
:10BC40000199884204D3FFE70198013018B9FFE752
:10BC5000019820B9FFE703208DF8170004E0DDE725
:10BC600000208DF81700FFE79DF8170006B080BD93
:10BC70007047000080B58AB08DF80F0006F006FD11
:10BC800008B9FFE730E090208DF80C009DF80F0018
:10BC90008DF80D0064208DF80E0080208DF80900CD
:10BCA0009DF80F008DF80A00002001908DF80B0020
:10BCB0008DF8270003A908910321009107919DF8B1
:10BCC0002710089A079B06F067FB009901988DF8EA
:10BCD0001B000DF10902059204919DF81B10059AB5
:10BCE000049B06F059FBFFE70AB080BD80B586B023
:10BCF0008DF80B008DF80A1006F0C8FC08B9FFE7B4
:10BD000021E09DF80A108020002918BF90208DF8AE
:10BD100007009DF80B008DF808009DF80A00002828
:10BD200018BF64208DF8090000208DF817000DF170
:10BD300007010491032103919DF81710049A039BB6
:10BD400006F02AFBFFE706B080BD000080B5F8F7DB
:10BD500025F980BD80B59CB008A85021F4F700FCFF
:10BD60000020079006900590049003900290FFE752
:10BD700040F61000C4F20240016841F03001016059
:10BD8000006800F0300001900198FFE7FFE740F6FF
:10BD90001400C4F20240006800F00800082801D036
:10BDA000FFE7F4E73220089001220B9208200C9064
:10BDB00040210D914FF4805111914FF480710F91FA
:10BDC0002021109102211291139114927D2215923B
:10BDD000169117911891199000201A901B9008A89D
:10BDE000FBF772FF18B1FFE7F5F796FCFFE71F209E
:10BDF0000290032003900020049005900690079085
:10BE000002A80521FBF75AFB18B1FFE7F5F784FC00
:10BE1000FFE742F20001C4F202010868022262F365
:10BE2000051008601CB080BD82B04EF68851CEF27D
:10BE30000001086840F47000086040F60042C4F257
:10BE400002420120106040F61C41C4F20241002071
:10BE50000090086040F62041C4F202410860116879
:10BE60004EF6E323CEF6E2231940116040F6284156
:10BE7000C4F20241086040F62C41C4F2024108605D
:10BE800040F63041C4F20241086040F63443C4F247
:10BE9000024340F28021C0F20111196040F638439C
:10BEA000C4F20243186040F63C43C4F202431960F6
:10BEB00040F64043C4F20243186040F64443C4F2E3
:10BEC0000243196040F64841C4F20241086011681B
:10BED00021F48021116040F65041C4F20241086013
:10BEE0004EF60851CEF200014FF00060086042F2B9
:10BEF0001800C4F20200006800F060400190019850
:10BF0000B0F1604F05D0FFE70198B0F1404F24D168
:10BF1000FFE742F21C00C4F202000068C00778B1DB
:10BF2000FFE742F20C01C4F2020142F63B20C0F6E8
:10BF30001900086046F67F60C4F65D400860FFE7C0
:10BF400042F21C01C4F20201086840F002000860DD
:10BF5000086840F001000860FFE702B07047000089
:10BF600080B540F6A800C2F20000FDF701FF80BDD9
:10BF700083B002900191029800680090029842F606
:10BF80000041C4F20101884252D0FFE7029842F614
:10BF90000041C5F2010188424AD0FFE70298B0F1A2
:10BFA000804F45D0FFE70298B0F1A04F40D0FFE7A7
:10BFB000029840F20041C4F20001884238D0FFE705
:10BFC000029840F20041C5F20001884230D0FFE7FC
:10BFD000029840F60001C4F20001884228D0FFE731
:10BFE000029840F60001C5F20001884220D0FFE728
:10BFF000029840F60041C4F20001884218D0FFE7E1
:10C00000029840F60041C5F20001884210D0FFE7D7
:10C01000029843F20041C4F20101884208D0FFE7D0
:10C02000029843F20041C5F2010188420AD1FFE7BC
:10C03000009820F070000090019841680098084333
:10C040000090FFE7029842F60041C4F201018842E5
:10C0500072D0FFE7029842F60041C5F20101884222
:10C060006AD0FFE70298B0F1804F65D0FFE70298F1
:10C07000B0F1A04F60D0FFE7029840F20041C4F257
:10C080000001884258D0FFE7029840F20041C5F213
:10C090000001884250D0FFE7029840F60001C4F248
:10C0A0000001884248D0FFE7029840F60001C5F23F
:10C0B0000001884240D0FFE7029840F60041C4F2F8
:10C0C0000001884238D0FFE7029840F60041C5F2EF
:10C0D0000001884230D0FFE7029843F20041C4F2E9
:10C0E0000101884228D0FFE7029843F20041C5F2DF
:10C0F0000101884220D0FFE7029841F60001C4F216
:10C100000001884218D0FFE7029841F60001C5F20D
:10C110000001884210D0FFE7029844F20001C4F207
:10C120000101884208D0FFE7029844F20001C5F2FD
:10C13000010188420AD1FFE7009820F44070009086
:10C140000198C168009808430090FFE7009820F02C
:10C15000800001994969084300900098029908609D
:10C16000019880680299C862019800680299886203
:10C17000029842F60041C4F20101884228D0FFE74C
:10C18000029842F60041C5F20101884220D0FFE743
:10C19000029843F20041C4F20101884218D0FFE73F
:10C1A000029843F20041C5F20101884210D0FFE736
:10C1B000029844F20001C4F20101884208D0FFE76E
:10C1C000029844F20001C5F20101884205D1FFE75F
:10C1D0000198006902990863FFE70299012048610C
:10C1E00002980069C00730B1FFE70299086920F0A2
:10C1F00001000861FFE703B07047000081B00090C4
:10C20000009890F82800000700280BD5FFE7009859
:10C210000068406820F40040009A1168926B104357
:10C220004860FFE7009890F82800C00758B1FFE782
:10C2300000980068406820F40030009A1168D26AC3
:10C2400010434860FFE7009890F828008007002816
:10C250000BD5FFE700980068406820F48030009A12
:10C260001168126B10434860FFE7009890F82800AF
:10C27000400700280BD5FFE700980068406820F4CD
:10C280008020009A1168526B10434860FFE70098C5
:10C2900090F82800C00600280BD5FFE7009800683A
:10C2A000806820F48050009A1168D26B1043886037
:10C2B000FFE7009890F82800800600280BD5FFE7DC
:10C2C00000980068806820F40050009A1168126C91
:10C2D00010438860FFE7009890F828004006002887
:10C2E0001CD5FFE700980068406820F48010009A91
:10C2F0001168526C104348600098406CB0F5801F84
:10C300000BD1FFE700980068406820F4C000009A55
:10C310001168926C10434860FFE7FFE7009890F8BF
:10C320002800000600280BD5FFE700980068406849
:10C3300020F40020009A1168D26C10434860FFE797
:10C3400001B0704780B588B0069006990020C1F80A
:10C350009000F7F7F3FD0590069800680068000765
:10C3600000282FD5FFE70698059B6A466FF07E41AF
:10C3700011604FF40011002200F092FA08B3FFE7B9
:10C38000FFE7FFE70698006850E8000F20F0800004
:10C390000490FFE704990698026842E8001000281C
:10C3A000F0D1FFE7FFE706992020C1F88800FFE7FA
:10C3B0000699002081F88400FFE703208DF81F0014
:10C3C0005FE0FFE70698006800684007002842D554
:10C3D000FFE70698059B6A466FF07E4111604FF4B7
:10C3E0008001002200F05CFAA0B3FFE7FFE7FFE75F
:10C3F0000698006850E8000F20F490700390FFE763
:10C4000003990698026842E800100028F0D1FFE77F
:10C41000FFE7FFE7FFE70698006850E8020F20F00B
:10C4200001000290FFE702990698026842E80210B4
:10C430000028F0D1FFE7FFE706992020C1F88C0023
:10C44000FFE70699002081F88400FFE703208DF8BC
:10C450001F0016E0FFE706992020C1F88800069922
:10C46000C1F88C0006990020C86606990867FFE7A6
:10C470000699002081F88400FFE700208DF81F0056
:10C48000FFE79DF81F0008B080BD000084B0039056
:10C49000FFE7FFE70398006850E8000F20F4907072
:10C4A0000290FFE702990398026842E80010002812
:10C4B000F0D1FFE7FFE7FFE7FFE70398006850E8E8
:10C4C000020F4FF6FE71CEF6FF7108400190FFE7B4
:10C4D00001990398026842E802100028EDD1FFE7B5
:10C4E000FFE70398C06E012814D1FFE7FFE7FFE7DD
:10C4F0000398006850E8000F20F010000090FFE75C
:10C5000000990398026842E800100028F0D1FFE784
:10C51000FFE7FFE703992020C1F88C000399002072
:10C52000C8660399486704B07047000080B58AB0B8
:10C53000099000208DF813000998006842F200412C
:10C54000C4F20041884209D0FFE70998006842F22E
:10C550000041C5F20041884201D1FFE700E0FFE75A
:10C56000099988680B694A69C969184310430843E7
:10C57000089009980068006846F6F311CCF6FF7140
:10C5800008400899084309990968086009980068F3
:10C59000406820F44050099A1168D26810434860FE
:10C5A0000998806908900998006842F20041C4F235
:10C5B000004188420FD0FFE70998006842F200412D
:10C5C000C5F20041884206D0FFE70998016A089841
:10C5D00008430890FFE70998006880684FF2FF4120
:10C5E000C1F2FF1108400899084309990968886059
:10C5F00009980068C06A20F00F00099A1168526A11
:10C600001043C862FFE70998006843F60001C4F2CE
:10C610000101884203D1FFE70120069051E009980B
:10C62000006844F20041C4F20001884203D1FFE7F0
:10C630000220069044E00998006844F60001C4F224
:10C640000001884203D1FFE70420069037E00998F3
:10C65000006844F60041C4F20001884203D1FFE7BC
:10C66000082006902AE00998006845F20001C4F20B
:10C670000001884203D1FFE7102006901DE00998D1
:10C68000006846F20041C4F20001884203D1FFE78E
:10C690002020069010E00998006842F20041C4F2A0
:10C6A0000041884204D1FFE74FF48050069002E039
:10C6B00000200690FFE7FFE7FFE7FFE7FFE7FFE760
:10C6C000FFE7FFE70998006842F20041C4F2004129
:10C6D000884209D0FFE70998006842F20041C5F29C
:10C6E000004188425CD1FFE706980021F8F734FB4F
:10C6F00002900298002852D0FFE7029809994A6AEE
:10C7000043F2D851C0F6010131F81210B0FBF1F03C
:10C71000039003980999496801EB4101884207D3C6
:10C72000FFE7039809994968B0EB013F04D9FFE797
:10C7300001208DF8130031E0029809994A680092AF
:10C740004A6A43F2D851C0F6010131F812200023A1
:10C7500001931946F3F706FE009A019B090241EA8C
:10C760001061000210EB520041F10001F3F7FAFDF5
:10C7700005900598B0F5407F0BD3FFE705990020A1
:10C78000B0EB115F05D1FFE7059809990968C8600A
:10C7900003E001208DF81300FFE7FFE7FFE76FE0FC
:10C7A0000998C069B0F5004F3CD1FFE70698002119
:10C7B000F8F7D2FA0290029898B3FFE70298099A24
:10C7C0005168536A43F2D852C0F6010232F813207E
:10C7D000B0FBF2F0400000EB5100B0FBF1F005902F
:10C7E0000598102818D3FFE7BDF81600A0B9FFE799
:10C7F000059820F00F00ADF81E00059800F00E011E
:10C80000BDF81E0040EA5100ADF81E00BDF81E0044
:10C8100009990968C86003E001208DF81300FFE75B
:10C82000FFE72CE006980021F8F796FA02900298AC
:10C8300020B3FFE70298099A5168536A43F2D8522D
:10C84000C0F6010232F81320B0FBF2F000EB510009
:10C85000B0FBF1F00590059810280AD3FFE7BDF86A
:10C86000160030B9FFE7BDF8140009990968C860DF
:10C8700003E001208DF81300FFE7FFE7FFE7FFE784
:10C8800009990120A1F86A000999A1F8680009999D
:10C8900000204867099988679DF813000AB080BD99
:10C8A00080B586B0DDF820C0049003918DF80B2090
:10C8B0000193FFE704980068C06903990840401A93
:10C8C000B0FA80F040099DF80B10884266D1FFE76E
:10C8D00008980130002860D0FFE7F7F72FFB019997
:10C8E000401A0899884203D8FFE7089820B9FFE763
:10C8F00003208DF8170055E0049800680068400791
:10C90000002849D5FFE70398802845D0FFE7039822
:10C91000402841D0FFE704980068C06900F0080192
:10C920000120B0EBD10F16D1FFE704980168082071
:10C93000009008620498FFF7A9FD00980499C1F8D7
:10C940009000FFE70499002081F88400FFE70120B0
:10C950008DF8170026E004980068C06900F40061B3
:10C960000120B0EBD12F16D1FFE7049801684FF4F6
:10C97000006008620498FFF789FD04992020C1F83F
:10C980009000FFE70499002081F88400FFE703206E
:10C990008DF8170006E0FFE7FFE78BE700208DF832
:10C9A0001700FFE79DF8170006B080BD80B58AB07C
:10C9B000DDF830C0CDF814C00493039202919DF8C5
:10C9C00014108DF824100299039A049B089307927F
:10C9D00006910190019820B9FFE701208DF827000A
:10C9E0000CE0019800F00EF88DF80300019900208A
:10C9F00048649DF803008DF82700FFE79DF82700A5
:10CA00000AB080BD81B000900099086C20F0004011
:10CA100008640099086C40F001000864002001B02F
:10CA20007047000080B5002001F060FB80BD000071
:10CA300081B000900099886D20F400408865002046
:10CA400001B0704780B58CB0DDF838C0CDF81CC09F
:10CA50000693059204919DF81C108DF82C100499F2
:10CA6000059A069B0A930992089103900399012065
:10CA700008640399086C20F0010008640398002101
:10CA8000019100F019F8014601988DF80B100399F7
:10CA900048649DF80B000CB080BD000082B001908E
:10CAA0004BF680700090009A0199086C90430864DE
:10CAB000002002B07047000083B001908DF8031091
:10CAC0009DF8030030B9FFE70199086C20F00040A1
:10CAD00008640FE09DF80300012806D1FFE70199E3
:10CAE000086C40F00040086403E001208DF80B0062
:10CAF00004E0FFE700208DF80B00FFE79DF80B0036
:10CB000003B07047FFE7FEE781B0ADF80200BDF962
:10CB10000200002812D4FFE7BDF9021001F01F0245
:10CB2000012090404A094EF28011CEF2000141F8F6
:10CB30002200BFF34F8FBFF36F8FFFE701B0704745
:10CB400081B0ADF80200BDF9020000280ED4FFE765
:10CB5000BDF9021001F01F02012090404A094EF277
:10CB60000011CEF2000141F82200FFE701B070474A
:10CB700081B0ADF80200BDF9020000280ED4FFE735
:10CB8000BDF9021001F01F02012090404A094EF247
:10CB90000011CEF2000141F82200FFE701B070471A
:10CBA0004EF60C50CEF200000068C0F30220704731
:10CBB00082B0ADF806000091BDF9060000280AD445
:10CBC000FFE700980001BDF906104EF20042CEF2D8
:10CBD000000288540BE000980001BDF8061001F037
:10CBE0000F014EF61452CEF200028854FFE702B055
:10CBF0007047000083B00290029800F00700009098
:10CC00004EF60C51CEF200010868019001984FF6E3
:10CC1000FF02104001900198009A40EA0220002291
:10CC2000C0F2FA52104301900198086003B07047B7
:10CC300083B0ADF80A00ADF80810ADF80620BDF8D5
:10CC40000800BDF806100844ADF80400BDF808005F
:10CC5000BDF80410884208DCFFE7BDF80400BDF809
:10CC60000A10B0EB410F10DBFFE7BDF80A104FF4DC
:10CC70008030A0EB4100ADF80200BDF80400BDF823
:10CC800002100844ADF80400FFE7BDF8040003B04B
:10CC90007047000080B584B003908DF80B10ADF89C
:10CCA0000820BDF808000DF107010DF1060203F0A0
:10CCB000ABFA9DF80720D0039DF80610891A40EAC8
:10CCC0008120ADF80400BDF8040028B9FFE74FF457
:10CCD0000040ADF80400FFE70398C0009DF80B107A
:10CCE00000EB810046F20042C4F20102805800903D
:10CCF000BDF80400ADF8020000980399C9009DF842
:10CD00000B3001EB8301885004B080BD80B588B042
:10CD10008DF8170000208DF81600FFE79DF816002B
:10CD200040F22011C2F2000109780131C9B28842F3
:10CD30005DDAFFE79DF816008DF81F0000200690D1
:10CD40009DF81F0040F22011C2F2000109788842CC
:10CD50000DDAFFE740F21C10C2F2000000689DF8F7
:10CD60001F1001EBC10100EB810006901BE040F2B7
:10CD70002010C2F2000001789DF81F00401A8DF8C3
:10CD80001F009DF81F0000280CDCFFE79DF81F0026
:10CD900000EBC00143F2F050C0F6010000EB81004F
:10CDA0000690FFE7FFE706980490FFE7049888B92C
:10CDB000FFE7FFE7FFE7FFE74EF6F050CEF2000097
:10CDC000039003980068C00710B1FFE700BEFFE7BB
:10CDD000FFE729E0FFE70498C1689DF8170088473E
:10CDE000FFE79DF8160001308DF8160096E740F237
:10CDF0007A20C2F2000001903721F3F78FFB0199EE
:10CE00004FF0FF300290C1F81300C1F80F00C1F8D5
:10CE10000B00C1F80700C1F82300C1F81F00C1F8DA
:10CE20001B00C1F81700FFE708B080BD82B0019079
:10CE3000ADF80210BDF8020001998988884208DB2C
:10CE4000FFE7BDF8020001998988401AADF800009B
:10CE500007E0BDF80200019989880844ADF8000098
:10CE6000FFE7BDF8000001994881BDF8000002B05D
:10CE70007047000080B58AB08DF80E0040F2641152
:10CE8000C2F200018889C989401AADF81200402019
:10CE9000ADF81000BDF81200BDF81010884204DA99
:10CEA000FFE7BDF81200019003E0BDF8100001900B
:10CEB000FFE70198ADF80C0000208DF80B0040F260
:10CEC0006410C2F2000001780120B0EBD11F48D1FC
:10CED000FFE780208DF80B00BDF80C0000283FD044
:10CEE000FFE7FFE740F26410C2F200008168BDF87E
:10CEF0000C0040F22412C2F2000208924022079273
:10CF000006910590089820B9FFE74FF0FF3009908F
:10CF10001DE0059818B9FFE70020099017E0069872
:10CF200020B9FFE74FF0FF30099010E0059807990E
:10CF3000884204D9FFE74FF0FF30099007E00898D6
:10CF40000699059AF3F7A5FA00200990FFE70998DA
:10CF500020B1FFE700208DF80F001AE0FFE7FFE7A0
:10CF6000FFE79DF80E009DF80B10BDF80C3040F265
:10CF7000241CC2F2000C002B1A4618BF6246EE4673
:10CF80004FF0000CCEF800C006F098F98DF80F00B5
:10CF9000FFE79DF80F000AB080BD000081B08DF85A
:10CFA00002009DF802008DF8030046F25801C4F219
:10CFB0000101086840F40040086001B070470000BB
:10CFC00080B584B08DF80F00029102980078C006F9
:10CFD000C8B9FFE7029800784009800798B9FFE7D1
:10CFE0000298407805280ED1FFE7029880788DF8E6
:10CFF00007009DF8070040F0800046F24C01C4F2A3
:10D0000001010860FFE7002001210822FFF742FE2E
:10D0100004B080BD80B590B08DF813008DF812106B
:10D020009DF812008DF81A009DF81A0000F00F000C
:10D030008DF811009DF812008DF81B009DF81B0063
:10D04000C0098DF810009DF811109DF810008DF8A2
:10D050001D108DF81C009DF81D1040F66410C2F2E2
:10D06000000000EB41109DF81C1000EB0110039034
:10D070000398807B8DF80B009DF80B0005900599B7
:10D0800046F20000C4F2010050F8210048F280018D
:10D09000084301909DF81000013818BF0120C1001D
:10D0A0000A1D032090408A1D01219140084448F642
:10D0B0008F71C0F2FF7101430198084001900198FF
:10D0C0000E900E9800F4C060B0F5806F18D0FFE7A6
:10D0D0009DF8100001A908918DF81F0002208DF81D
:10D0E0001E009DF81E009DF81F200C21012A08BF7C
:10D0F000042100FA01F20899086850400860FFE72F
:10D100009DF8100001A90A918DF8270000208DF8E4
:10D1100026009DF826009DF827200E21012A08BF31
:10D12000062100FA01F20A990868504008609DF84B
:10D130000B1001980D910C9001208DF82F009DF897
:10D140002F00C007E0B1FFE700208DF83F008DF809
:10D150003E00FFE79DF83E00002810DCFFE79DF849
:10D160003E1043F28C60C0F6010030F91100FFF769
:10D17000CBFC9DF83E0001308DF83E00EAE7FFE76A
:10D180000C980D9A46F20001C4F2010141F8220008
:10D190009DF82F00C00700B3FFE700208DF83D0089
:10D1A000BFF34F8FBFF36F8F8DF83C00FFE79DF803
:10D1B0003C00002810DCFFE79DF83C1043F28C6037
:10D1C000C0F6010030F91100FFF7D2FC9DF83C00D9
:10D1D00001308DF83C00EAE7FFE710B080BD0000A9
:10D1E00080B586B08DF80A009DF80A0000F032FF85
:10D1F00001200190FFE7019807286ED8FFE701980A
:10D200000490002003908DF80B009DF80B00C007E0
:10D21000E0B1FFE700208DF817008DF81600FFE75A
:10D220009DF81600002810DCFFE79DF8161043F269
:10D230008C60C0F6010030F91100FFF765FC9DF825
:10D24000160001308DF81600EAE7FFE70398049A0C
:10D2500046F20001C4F2010141F822009DF80B00E2
:10D26000C00700B3FFE700208DF81500BFF34F8F14
:10D27000BFF36F8F8DF81400FFE79DF814000028AE
:10D2800010DCFFE79DF8141043F28C60C0F601003B
:10D2900030F91100FFF76CFC9DF8140001308DF897
:10D2A0001400EAE7FFE7019A40F29231C2F200016E
:10D2B000FF2001F82200019A01EB820250700198D0
:10D2C00001EB800200209070019A01EB8201C8708E
:10D2D000FFE70198013001908DE79DF80A0000F00A
:10D2E000DDFE40F2B231C2F20001C020088006B07B
:10D2F00080BD000080B59AB08DF82E000A910A9882
:10D3000080788DF827009DF827008DF836009DF86D
:10D31000360000F00F008DF826009DF827008DF8EC
:10D3200037009DF83700C0098DF825000A980E9047
:10D330000E9880886FF3DF20ADF822009DF827005B
:10D340000A99C97801F0030100F0A4FA8DF82100D0
:10D35000FFE79DF82100082814DBFFE7FFE7FFE760
:10D36000FFE74EF6F050CEF20000079007980068F5
:10D37000C00710B1FFE700BEFFE7FFE700208DF810
:10D380002F002CE1FFE79DF821000C900C9946F24C
:10D390000000C4F2010050F8210047F27001CFF6FE
:10D3A0000001084006909DF827008DF835009DF893
:10D3B000350000F00F000699084348F28001084349
:10D3C00006900A98C07800F00300014602910228F6
:10D3D00004D0FFE70298032801D005E019E0069881
:10D3E00040F4C060069014E0FFE7FFE7FFE7FFE7C7
:10D3F0004EF6F050CEF20000059005980068C00788
:10D4000010B1FFE700BEFFE7FFE700208DF82F0017
:10D41000E5E0BDF822000021019101F0B1F80146DC
:10D420000198ADF812109DF821309DF825104A1E84
:10D4300018BF0122BDF8121011938DF84320ADF8EA
:10D4400040101199C9009DF8432001EB820146F27A
:10D450000043C4F20103C9580F91BDF8401021F0F8
:10D460000301ADF83C100F99119AD2009DF843C00A
:10D4700002EB8C02D1509DF826209DF825108DF8E6
:10D4800049208DF848109DF8492040F66411C2F2F9
:10D49000000101EB42119DF8482001EB02110391BC
:10D4A000BDF82210039A91819DF82110039A91737F
:10D4B0009DF8251006AA13928DF84B1002218DF8C5
:10D4C0004A109DF84A109DF84BC00C23BCF1010F87
:10D4D00008BF042301FA03FC139B196881EA0C01BD
:10D4E00019609DF8251015928DF853108DF8520093
:10D4F0009DF852009DF853200E21012A08BF0621F5
:10D5000000FA01F215990868504008609DF825005E
:10D51000012805D1FFE7069820F4E040069004E0DA
:10D52000069820F070000690FFE79DF821100698FD
:10D530001891179001208DF85B009DF85B00C007E3
:10D54000E0B1FFE700208DF867008DF86600FFE787
:10D550009DF86600002810DCFFE79DF8661043F296
:10D560008C60C0F6010030F91100FFF7CDFA9DF88C
:10D57000660001308DF86600EAE7FFE71798189A11
:10D5800046F20001C4F2010141F822009DF85B005F
:10D59000C00700B3FFE700208DF86500BFF34F8F91
:10D5A000BFF36F8F8DF86400FFE79DF864000028DB
:10D5B00010DCFFE79DF8641043F28C60C0F60100B8
:10D5C00030F91100FFF7D4FA9DF8640001308DF8AE
:10D5D0006400EAE7FFE701208DF82F00FFE79DF8E0
:10D5E0002F001AB080BD000080B58CB08DF80F0000
:10D5F0008DF80E109DF80E008DF816009DF816009F
:10D6000000F00F008DF80D009DF80E008DF817004A
:10D610009DF81700C0098DF80C009DF80D109DF8BD
:10D620000C008DF819108DF818009DF8191040F6AF
:10D630006410C2F2000000EB41109DF8181000EBDE
:10D64000011002900298807B8DF807009DF807007A
:10D650000490049946F20000C4F2010050F8210041
:10D6600048F28001084300909DF80C000C2201282C
:10D67000114608BF04210320884048F68F71C0F28C
:10D68000FF7101430098084000909DF80C00694626
:10D6900007918DF81B0001208DF81A009DF81A10D3
:10D6A0009DF81B30012B08BF042201FA02F3079AF0
:10D6B0001168594011609DF8072000990A9209915C
:10D6C0008DF823009DF82300C007E0B1FFE700209C
:10D6D0008DF82F008DF82E00FFE79DF82E00002812
:10D6E00010DCFFE79DF82E1043F28C60C0F60100BD
:10D6F00030F91100FFF708FA9DF82E0001308DF87F
:10D700002E00EAE7FFE709980A9A46F20001C4F200
:10D71000010141F822009DF82300C00700B3FFE794
:10D7200000208DF82D00BFF34F8FBFF36F8F8DF862
:10D730002C00FFE79DF82C00002810DCFFE79DF887
:10D740002C1043F28C60C0F6010030F91100FFF795
:10D750000FFA9DF82C0001308DF82C00EAE7FFE766
:10D760000CB080BD80B586B0844608988DF813C093
:10D770008DF812100392ADF80A308DF809009DF86B
:10D7800012008DF814009DF8140000F00F008DF8C1
:10D7900008009DF812008DF815009DF81500C009CD
:10D7A0008DF807009DF808109DF807008DF81710F8
:10D7B0008DF816009DF8171040F66410C2F20000B4
:10D7C00000EB41109DF8161000EB0110009003983B
:10D7D00000990860009900204860BDF80A10009A7E
:10D7E0001181009948819DF813009DF808109DF85B
:10D7F000072001F097F906B080BD000080B586B023
:10D80000844608988DF813C08DF812100392ADF875
:10D810000A308DF809009DF812008DF814009DF86B
:10D82000140000F00F008DF808009DF812008DF82C
:10D8300015009DF81500C0098DF807009DF8081027
:10D840009DF807008DF817108DF816009DF8171039
:10D8500040F66410C2F2000000EB41109DF8161073
:10D8600000EB011000900099002008600399009AD5
:10D870005160BDF80A10009A1181009948819DF805
:10D8800013009DF808109DF8072001F04BF906B031
:10D8900080BD000084B08DF80C008DF80B109DF851
:10D8A0000C008DF80E009DF80E0000F00F008DF8B2
:10D8B0000A009DF80C008DF80F009DF80F00C009BC
:10D8C0008DF8090000208DF80800FFE79DF808009A
:10D8D000072800F3B980FFE79DF8081040F2923066
:10D8E000C2F2000000EB81009DF809100844807826
:10D8F000C00700B3FFE79DF8081040F29230C2F273
:10D90000000000EB810040789DF80B10884212D196
:10D91000FFE79DF8081040F29230C2F2000010F8C4
:10D9200021009DF80A10884205D1FFE79DF8080004
:10D930008DF80D009DE09DF80B000138B0FA80F0E5
:10D9400040098DF807009DF8081040F29230C2F2AD
:10D95000000000EB81009DF8091008448078C007A2
:10D9600000286AD1FFE79DF80700C00790B1FFE7E4
:10D970009DF8081040F29230C2F2000000EB8100E6
:10D980009DF8091081F0010108448078C007002843
:10D9900053D1FFE79DF8081040F29230C2F2000028
:10D9A00010F82100FF280DD0FFE79DF8081040F285
:10D9B0009230C2F2000010F821009DF80A1088424F
:10D9C0003AD1FFE79DF8081040F29230C2F2000011
:10D9D00000EB81004078FF280ED0FFE79DF808108B
:10D9E00040F29230C2F2000000EB810040789DF8D6
:10D9F0000B1088421FD1FFE79DF80A109DF8082000
:10DA000040F29230C2F2000000F822109DF80B1094
:10DA10009DF8082000EB820251709DF8081000EB81
:10DA200081009DF809100144012088709DF80800CC
:10DA30008DF80D001DE0FFE7FFE7FFE79DF8080008
:10DA400001308DF8080041E7FFE7FFE7FFE7FFE758
:10DA50004EF6F050CEF20000009000980068C0072B
:10DA600010B1FFE700BEFFE7FFE700208DF80D00D3
:10DA7000FFE79DF80D0004B07047000080B5AEB020
:10DA80000B908DF82B1000208DF82A000B98407811
:10DA9000023801460091052800F252820099DFE821
:10DAA00011F006003600130024008D01980140F2A9
:10DAB0007A21C2F200010020087048700871887055
:10DAC00001208DF82A003FE240F27A20C2F20000E5
:10DAD000007848B1FFE740F27A21C2F2000101204C
:10DAE00088708DF82A00FFE72EE240F27A20C2F219
:10DAF0000000007850B1FFE740F27A21C2F2000145
:10DB00000020887001208DF82A00FFE71CE2002029
:10DB10008DF82900FFE79DF8290040F22011C2F29C
:10DB2000000109780131C9B2884250DAFFE79DF857
:10DB300029008DF83C0000200E909DF83C0040F23A
:10DB40002011C2F20001097888420DDAFFE740F2A5
:10DB50001C10C2F2000000689DF83C1001EBC101EE
:10DB600000EB81000E901BE040F22010C2F200009A
:10DB700001789DF83C00401A8DF83C009DF83C006F
:10DB800000280CDCFFE79DF83C0000EBC00143F2ED
:10DB9000F050C0F6010000EB81000E90FFE7FFE7B8
:10DBA0000E980990099858B1FFE70998006A38B1B2
:10DBB000FFE70998026A0B99087849689047FFE7E0
:10DBC000FFE79DF8290001308DF82900A3E740F216
:10DBD0007A20C2F200008078002871D0FFE740F27E
:10DBE0007A21C2F20001002088700B9909788DF823
:10DBF000181005218DF81910089007909DF82B003A
:10DC000006A91B9100F001008DF86B0040F2B420D2
:10DC1000C2F2000002681B999DF86B001E921D91D4
:10DC200000F001008DF873009DF87300C00728B95B
:10DC3000FFE71E98016800208847FFE71E9800F163
:10DC400008021D9980882D922C91ADF8AE002D9878
:10DC50002C99BDF8AE20002303F0C0FF002818BFA8
:10DC600001208DF872009DF87300C00728B9FFE706
:10DC70001E98016801208847FFE79DF87200C007E1
:10DC800080B9FFE74EF6F050CEF2000019901998D7
:10DC90000068C00710B1FFE700BEFFE700208DF865
:10DCA00071000CE01B99087849789DF86B2002F010
:10DCB000010204F0B1FA01208DF87100FFE7FFE7DF
:10DCC00040F27A20C2F200008079109000208DF896
:10DCD0003F0010989DF83F10C840C00700286CD046
:10DCE000FFE70B9800788DF80C0003208DF80D00ED
:10DCF0000B98406804909DF82B0003A9179100F041
:10DD000001008DF85B0040F2B420C2F2000002680E
:10DD100017999DF85B002192209100F001008DF889
:10DD20007F009DF87F00C00728B9FFE721980168B0
:10DD300000208847FFE7219800F108022099808899
:10DD40002A922991ADF8A2002A982999BDF8A2201B
:10DD5000002303F043FF002818BF01208DF87E0048
:10DD60009DF87F00C00728B9FFE7219801680120CE
:10DD70008847FFE79DF87E00C00780B9FFE74EF6B1
:10DD8000F050CEF20000159015980068C00710B151
:10DD9000FFE700BEFFE700208DF863000CE0179955
:10DDA000087849789DF85B2002F0010204F034FA0B
:10DDB00001208DF86300FFE7FFE7C5E040F278310E
:10DDC000C2F2000108780130087001208DF82A00A5
:10DDD000BAE00B9800798DF80B009DF80B008DF8D8
:10DDE0003D009DF83D0000F00F008DF80A009DF801
:10DDF0000B008DF83E009DF83E00C0098DF809002B
:10DE000001208DF82A009DF80A000128C0F29780B1
:10DE1000FFE79DF80A1040F27A20C2F2000000EB02
:10DE200041009DF809100844C07D8DF8370000209E
:10DE30000C909DF8370040F22011C2F200010978E1
:10DE400088420DDAFFE740F21C10C2F200000068C1
:10DE50009DF8371001EBC10100EB81000C901BE035
:10DE600040F22010C2F2000001789DF83700401AFD
:10DE70008DF837009DF8370000280CDCFFE79DF88F
:10DE8000370000EBC00143F2F050C0F6010000EB98
:10DE900081000C90FFE7FFE70C98019001980028A3
:10DEA0004CD0FFE70198C069002847D0FFE79DF8F4
:10DEB0000A1040F27A20C2F20000273000EB410243
:10DEC0009DF80930D15C01F0FE01D1549DF80A1093
:10DED00000EB41019DF80920885C00F0FB008854AC
:10DEE0000198D0F81CC00B9B9DF80B1018785A793C
:10DEF0009B68E04780F001008DF82A009DF82A0019
:10DF0000C007D0B1FFE79DF80A1040F27A20C2F2B4
:10DF10000000273000EB41029DF80930D15C41F050
:10DF20000101D1549DF80A1000EB41019DF8092030
:10DF3000885C40F004008854FFE7FFE7FFE703E058
:10DF400001208DF82A00FFE79DF82A00C00700286D
:10DF500062D0FFE70B999DF82B00139100F00100B0
:10DF60008DF84B0040F2B420C2F200000268139911
:10DF70009DF84B002492239100F001008DF88B0056
:10DF80009DF88B00C00728B9FFE72498016800209E
:10DF90008847FFE7249800F1080223998088279298
:10DFA0002691ADF8960027982699BDF89620002373
:10DFB00003F014FE002818BF01208DF88A009DF898
:10DFC0008B00C00728B9FFE7249801680120884723
:10DFD000FFE79DF88A00C00780B9FFE74EF6F050D2
:10DFE000CEF20000119011980068C00710B1FFE751
:10DFF00000BEFFE700208DF853000CE0139908786D
:10E0000049789DF84B2002F0010204F005F9012047
:10E010008DF85300FFE7FFE72EB080BD80B582B0DA
:10E020008DF80700009100F0F5FE46F24001C4F2C1
:10E03000010100200860086840F45D4008609DF818
:10E04000070000F019FF9DF80700FEF7A7FF012069
:10E0500002B080BD80B582B08DF805009DF8050046
:10E060008DF8070000208DF80600FFE79DF80600F8
:10E07000002810DCFFE79DF8061043F28C60C0F624
:10E08000010030F91100FEF73FFD9DF80600013058
:10E090008DF80600EAE702B080BD000080B582B0CE
:10E0A0008DF805009DF805008DF80700BFF34F8F30
:10E0B000BFF36F8F00208DF80600FFE79DF8060084
:10E0C000002810DCFFE79DF8061043F28C60C0F6D4
:10E0D000010030F91100FEF74BFD9DF806000130FC
:10E0E0008DF80600EAE702B080BD000080B5A8B058
:10E0F0008DF81B0046F24400C4F201000068059050
:10E100009DF815008007002826D5FFE746F2440158
:10E11000C4F201016FF40070086046F24800C4F2D6
:10E12000010000686FF3DF2000218DF833100B90A1
:10E1300001208DF82B009DF833008DF81C00032082
:10E140008DF81D000B9808909DF82B0000F0010140
:10E1500007A8FFF793FCFFE79DF81500400700288C
:10E1600025D5FFE746F24401C4F201016FF4806057
:10E1700008609DF81B0000F07FFE00208DF8430032
:10E180008DF8420001208DF841009DF843108DF874
:10E1900034108DF835009DF842008DF838009DF858
:10E1A000410000F001010DA8FFF768FCE6E19DF8D1
:10E1B0001500C00600282CD5FFE746F24001C4F246
:10E1C0000101086820F004000860086820F00800D9
:10E1D000086046F24401C4F201016FF48050086007
:10E1E00000208DF8630005208DF8620001208DF875
:10E1F00061009DF863008DF854009DF862008DF871
:10E2000055009DF8610000F0010115A8FFF736FCEC
:10E21000FFE79DF81500000700282CD5FFE746F220
:10E220004001C4F20101086840F008000860086875
:10E2300040F00400086046F24401C4F201016FF4AA
:10E240000060086000208DF8530004208DF8520013
:10E2500001208DF851009DF853008DF844009DF881
:10E2600052008DF845009DF8510000F0010111A801
:10E27000FFF704FCFFE79DF81500C00740B3FFE778
:10E2800040F65810C2F200000078012809D1FFE7DB
:10E2900046F24001C4F20101086820F01000086055
:10E2A000FFE740F65810C2F20000007840B1FFE7E7
:10E2B00040F65811C2F20001087801380870FFE7F3
:10E2C00046F24401C4F201016FF480700860FFE778
:10E2D000FFE746F24400C4F2010000680004002891
:10E2E00040F13081FFE746F24400C4F201000068CB
:10E2F00000F00F00049004981990199946F200005C
:10E30000C4F2010050F8210003909DF80D000006B2
:10E31000002840F19380FFE714200290FFE7029865
:10E3200020B1FFE7029801380290F8E79DF80D0050
:10E330000007002804D5FFE7049800F06BFF7CE09D
:10E3400004981F9000208DF87B001F9A46F2000170
:10E35000C4F2010151F822101D911D9948F280026A
:10E3600011431D911D9948F68F72C0F2FF72114042
:10E370001D919DF87B100F22012908BF0722012162
:10E3800001FA02F21D9991431D911F9A1D99229243
:10E3900021918DF883009DF88300C007E0B1FFE76D
:10E3A00000208DF89F008DF89E00FFE79DF89E00ED
:10E3B000002810DCFFE79DF89E1043F28C60C0F649
:10E3C000010030F91100FEF79FFB9DF89E0001301F
:10E3D0008DF89E00EAE7FFE72198229A46F20001B5
:10E3E000C4F2010141F822009DF88300C00700B388
:10E3F000FFE700208DF89B00BFF34F8FBFF36F8FB7
:10E400008DF89A00FFE79DF89A00002810DCFFE7DE
:10E410009DF89A1043F28C60C0F6010030F91100AB
:10E42000FEF7A6FB9DF89A0001308DF89A00EAE706
:10E43000FFE7049800F05CFDFFE7FFE79DF80C00A4
:10E44000000600287DD5FFE704981C9001208DF878
:10E450006F001C9A46F20001C4F2010151F822102B
:10E460001A911A9948F2800211431A911A9948F6A2
:10E470008F72C0F2FF7211401A919DF86F200F2128
:10E48000012A08BF072100FA01F11A9888431A905F
:10E490001C991A982591249000208DF88F009DF8E2
:10E4A0008F00C007E0B1FFE700208DF89D008DF8D8
:10E4B0009C00FFE79DF89C00002810DCFFE79DF81A
:10E4C0009C1043F28C60C0F6010030F91100FEF799
:10E4D0001BFB9DF89C0001308DF89C00EAE7FFE7EC
:10E4E0002498259A46F20001C4F2010141F8220065
:10E4F0009DF88F00C00700B3FFE700208DF899005A
:10E50000BFF34F8FBFF36F8F8DF89800FFE79DF833
:10E510009800002810DCFFE79DF8981043F28C600B
:10E52000C0F6010030F91100FEF722FB9DF89800BB
:10E5300001308DF89800EAE7FFE7049800F04EFFFD
:10E54000FFE7C6E69DF815004006002816D5FFE750
:10E55000FFE74EF6F050CEF20000019001980068FF
:10E56000C00710B1FFE700BEFFE7FFE746F2440136
:10E57000C4F201016FF480400860FFE728B080BD5D
:10E5800080B586B0ADF812008DF81110BDF81200FC
:10E5900004A90DF10F0201F037FEADF80C0040F2B6
:10E5A000B231C2F20001088802900888BDF80C2040
:10E5B000104408809DF81100C00778B1FFE740F2D1
:10E5C000B231C2F200010A88029840EA0240029089
:10E5D0000888BDF80C2010440880FFE7FFE740F2F0
:10E5E000B230C2F200000088B0F5006F14D9FFE726
:10E5F000FFE7FFE7FFE74EF6F050CEF20000019094
:10E6000001980068C00710B1FFE700BEFFE7FFE711
:10E610004FF6FF70059003E0FFE702980590FFE7D3
:10E62000059806B080BD000080B582B08DF8070067
:10E630008DF806109DF80700694600230B608021C5
:10E640001A46FFF78FF802B080BD000081B08DF848
:10E6500003008DF802109DF80200C00748B1FFE7E3
:10E6600046F24001C4F20101086840F400700860FD
:10E6700008E046F24001C4F20101086820F400708D
:10E680000860FFE701B0704780B5A0B00B90ADF80F
:10E690002A100B9801894289891A8089ADF85A108D
:10E6A000ADF85800BDF85A00BDF85810884204DA99
:10E6B000FFE7BDF85A00059003E0BDF8580005904B
:10E6C000FFE70598ADF82800BDF82A000C900C99DA
:10E6D00046F20000C4F2010050F8210048F2800127
:10E6E0000843099009981290129800F4C060A0F5B0
:10E6F0008060B0FA80F040098DF823009DF8230077
:10E7000000F001008DF821009DF82100C00730B114
:10E71000FFE70998C0F380108DF8220003E0002085
:10E720008DF82200FFE7BDF82A109DF82200159110
:10E730008DF853001598C0009DF8531000EB810030
:10E7400046F20041C4F201014058ADF81E00BDF888
:10E750001E00084406900B98406830B3FFE7069A05
:10E760000B984168BDF828001F921E91ADF8760005
:10E7700000201C901B9004201A901E9802901F9855
:10E780000390BDF8760004901C9818B1FFE71C9820
:10E79000019002E01AA80190FFE703990298049AF9
:10E7A000019B92B203F0F2F90AE006980B9A116805
:10E7B00052891144BDF82820002303F099FBFFE79C
:10E7C000BDF828200B99488910444881BDF82A20BB
:10E7D0009DF82210BDF8280019928DF86310ADF84D
:10E7E00060001998C0009DF8631000EB810046F2AC
:10E7F0000042C4F201028058179017986FF3194035
:10E80000BDF860106FF39F2140EA01401790179800
:10E810001999C9009DF8633001EB8301885009A85C
:10E820000E9001208DF8370003208DF836009DF8FA
:10E8300036009DF837200C21012A08BF042100FA78
:10E8400001F20E990868504008609DF82300C00747
:10E8500020B1FFE70B990120C873FFE7099848F63C
:10E86000BF71C0F2FF7108400990BDF82A100998E5
:10E870001191109001208DF83F009DF83F00C007D6
:10E88000E0B1FFE700208DF852008DF85100FFE75E
:10E890009DF85100002810DCFFE79DF8511043F26D
:10E8A0008C60C0F6010030F91100FEF72DF99DF8DB
:10E8B000510001308DF85100EAE7FFE71098119AF6
:10E8C00046F20001C4F2010141F822009DF83F0028
:10E8D000C00700B3FFE700208DF85000BFF34F8F53
:10E8E000BFF36F8F8DF84F00FFE79DF84F000028B2
:10E8F00010DCFFE79DF84F1043F28C60C0F601007A
:10E9000030F91100FEF734F99DF84F0001308DF811
:10E910004F00EAE7FFE720B080BD0000B0B594B03B
:10E920008DF81300002101910846FEF7B3FF01990D
:10E930008020FEF7AFFF019940F66412C2F2000298
:10E94000402000909081917390839177FFF718FE9B
:10E95000019902460098ADF81020FFF711FE01461C
:10E960000198ADF80E10BDF810200B9001218DF824
:10E970002B10ADF828200B9AD2009DF82B3002EB1B
:10E98000830246F2004CC4F2010C52F80C200992AA
:10E99000BDF8282022F00302ADF82420099A0B9B31
:10E9A000DB009DF82BE003EB8E0343F80C20BDF851
:10E9B0000E2008908DF81F00ADF81C20089AD20098
:10E9C0009DF81F3002EB830252F80C200692BDF82E
:10E9D0001C2022F00302ADF81820069A089BDB00E9
:10E9E0009DF81FE003EB8E0343F80C200590059B78
:10E9F00046F20002C4F2010252F8232047F27003EB
:10EA0000CFF600031A400292029A42F40072029278
:10EA10000DF1080CCDF83CC08DF83B1002228DF8AA
:10EA20003A209DF83AE09DF83B400C23012C1C460F
:10EA300008BF04240EFA04F50F9CD4F800E08EEA17
:10EA4000050EC4F800E0CDF834C08DF833008DF821
:10EA500032209DF832209DF833C0BCF1010F08BF71
:10EA6000042302FA03FC0D9B1A6882EA0C021A6066
:10EA70000822FEF70FF901980299129011918DF872
:10EA800043009DF84300C007E0B1FFE700208DF888
:10EA90004F008DF84E00FFE79DF84E00002810DC77
:10EAA000FFE79DF84E1043F28C60C0F6010030F98C
:10EAB0001100FEF729F89DF84E0001308DF84E0048
:10EAC000EAE7FFE71198129A46F20001C4F2010149
:10EAD00041F822009DF84300C00700B3FFE7002083
:10EAE0008DF84D00BFF34F8FBFF36F8F8DF84C0043
:10EAF000FFE79DF84C00002810DCFFE79DF84C1064
:10EB000043F28C60C0F6010030F91100FEF730F8D6
:10EB10009DF84C0001308DF84C00EAE7FFE714B097
:10EB2000B0BD000080B590B08DF81B008DF81A10B4
:10EB30008DF819209DF81A109DF819008DF82110F4
:10EB40008DF820009DF8211040F66410C2F20000FC
:10EB500000EB41109DF8201000EB01100590059886
:10EB6000807B8DF813009DF81900012806D1FFE77E
:10EB700005989DF81310FFF787FDCCE09DF8130072
:10EB80000790079946F20000C4F2010050F82100F6
:10EB900048F28001084303909DF819000C210128D8
:10EBA00008BF04210320884048F68F71C0F2FF712E
:10EBB0000143039808400390059801898089ADF8C6
:10EBC0003E10ADF83C00BDF83E00BDF83C10884258
:10EBD00004DAFFE7BDF83E00019003E0BDF83C0019
:10EBE0000190FFE70198ADF80A0003980D900D9889
:10EBF00000F4C060A0F58060B0FA80F040098DF8A4
:10EC000009009DF80900C00778B1FFE79DF81300DF
:10EC1000BDF80A200021FEF73DF89DF81300BDF86D
:10EC20000A200121FEF736F807E09DF81300BDF831
:10EC30000A200121FEF72EF8FFE79DF8190003A92D
:10EC400009918DF8230003208DF822009DF8220001
:10EC50009DF823200C21012A08BF042100FA01F2AB
:10EC600009990868504008609DF8131003980C91AA
:10EC70000B9001208DF82B009DF82B00C007E0B110
:10EC8000FFE700208DF83B008DF83A00FFE79DF884
:10EC90003A00002810DCFFE79DF83A1043F28C6040
:10ECA000C0F6010030F91100FDF72EFF9DF83A0083
:10ECB00001308DF83A00EAE7FFE70B980C9A46F22C
:10ECC0000001C4F2010141F822009DF82B00C007A9
:10ECD00000B3FFE700208DF83900BFF34F8FBFF37B
:10ECE0006F8F8DF83800FFE79DF83800002810DCA2
:10ECF000FFE79DF8381043F28C60C0F6010030F950
:10ED00001100FDF735FF9DF8380001308DF838000F
:10ED1000EAE7FFE7FFE7012010B080BD80B586B0CD
:10ED200005900491ADF80E20ADF80C300598808860
:10ED3000BDF80C10401AADF80A00BDF80E00BDF881
:10ED40000A10401AADF8080005980068BDF80C10CC
:10ED500008440190BDF80E00BDF80A10884207DC97
:10ED6000FFE704980199BDF80E20F1F792FB10E03F
:10ED700004980199BDF80A20F1F78BFB0498BDF8BF
:10ED80000A10084405990968BDF80820F1F781FBCD
:10ED9000FFE706B080BD000080B586B00590049105
:10EDA000ADF80E20ADF80C3005988088BDF80C1039
:10EDB000401AADF80A00BDF80E00BDF80A10401A5E
:10EDC000ADF8080005980068BDF80C1008440190E3
:10EDD000BDF80E00BDF80A10884207DCFFE7019875
:10EDE0000499BDF80E20F1F754FB10E00198049946
:10EDF000BDF80A20F1F74DFB059800680499BDF8AD
:10EE00000A201144BDF80820F1F743FBFFE706B0E4
:10EE100080BD000082B046F24001C4F2010103202F
:10EE2000086000200190FFE70198C72806D8FFE797
:10EE300000BFFFE7019801300190F5E746F240017D
:10EE4000C4F20101086820F0020008600020009070
:10EE5000FFE70098C72806D8FFE700BFFFE7009844
:10EE600001300090F5E746F24401C4F201010020B0
:10EE7000086002B07047000080B582B08DF80700CE
:10EE800046F24C01C4F20101002008600090FFE747
:10EE9000009807281AD8FFE7009A40F29231C2F290
:10EEA0000001FF2001F82200009A01EB820250705D
:10EEB000009801EB800200209070009A01EB820123
:10EEC000C870FFE7009801300090E1E740F2B231EE
:10EED000C2F20001402008809DF80700FFF71EFDE8
:10EEE00046F24C01C4F201018020086002B080BDEE
:10EEF00080B5A8B00E900E980F900F9946F20000C2
:10EF0000C4F2010050F8210048F2800108430D903E
:10EF10000D9800F00F008DF833000D98159015989E
:10EF200000F4C060A0F58060B0FA80F040098DF870
:10EF300032009DF833008DF8410000208DF840002C
:10EF40009DF8411040F66410C2F2000000EB411041
:10EF50009DF8401000EB01100B909DF8320000F07E
:10EF600001008DF82A009DF82A00C00748B1FFE78C
:10EF70000D9800F48041012080EA91308DF82B003B
:10EF800003E001208DF82B00FFE70E999DF82B0080
:10EF900018918DF85F001898C0009DF85F1000EB85
:10EFA000810046F20041C4F201014058000CADF866
:10EFB0005C00BDF85C006FF39F20ADF828000E9A4E
:10EFC0009DF82B001A928DF867001A98C0009DF8E2
:10EFD000672000EB82004058ADF82600BDF82600FF
:10EFE000084408900B98406830B3FFE7089A0B98E4
:10EFF0004168BDF8280020921F91ADF87A000020EA
:10F000001D901C9004201B901F9804902098059040
:10F01000BDF87A0006901D9818B1FFE71D9803907F
:10F0200002E01BA80390FFE705990498069A039B4A
:10F0300092B202F0D3FD0AE008980B9A1168528947
:10F040001144BDF82820002302F0F6FEFFE7BDF8CA
:10F0500028200B99488910444881BDF828000B9955
:10F060008989884206DBFFE70B994889098988422C
:10F0700035DBFFE70E980B998A8901210191FDF795
:10F0800009FE01989DF833300B994A8900210291BD
:10F090008DF89B108DF89A3025928DF893108DF88D
:10F0A00092009DF89B008DF8840007208DF8850064
:10F0B0009DF89A008DF88800259823909DF893007C
:10F0C0008DF889009DF8920000F0010121A8FEF75B
:10F0D000D5FC02980B9948810B99088198E09DF81E
:10F0E0003200C00710BBFFE70B9801894289891ADB
:10F0F0008089ADF89E10ADF89C00BDF89E00BDF86B
:10F100009C10884204DAFFE7BDF89E00009003E0FF
:10F11000BDF89C000090FFE70098ADF81E000E9827
:10F12000BDF81E200121FDF7B5FDFFE70D984BF658
:10F130008F71C0F2FF7108400D900DA81190002052
:10F140008DF8430003218DF842109DF842109DF880
:10F1500043300C22012B08BF042201FA02F3119A5A
:10F160001168594011600E9A0D99149213918DF8FF
:10F170004B009DF84B00C007E0B1FFE700208DF881
:10F180005B008DF85A00FFE79DF85A00002810DC5C
:10F19000FFE79DF85A1043F28C60C0F6010030F989
:10F1A0001100FDF7B1FC9DF85A0001308DF85A00AE
:10F1B000EAE7FFE71398149A46F20001C4F201014E
:10F1C00041F822009DF84B00C00700B3FFE7002084
:10F1D0008DF85900BFF34F8FBFF36F8F8DF8580034
:10F1E000FFE79DF85800002810DCFFE79DF8581055
:10F1F00043F28C60C0F6010030F91100FDF7B8FC55
:10F200009DF8580001308DF85800EAE7FFE7FFE766
:10F2100028B080BD80B598B0069006980F90012068
:10F2200000908DF83B000F99C9009DF83B2001EB41
:10F23000820246F20041C4F201015258120CADF8AC
:10F240003820BDF838206FF39F22ADF81620069ABB
:10F2500011928DF843001198C0009DF8432000EBF7
:10F2600082004058ADF81400BDF814000844BDF801
:10F27000162003A90023019302F0DEFD00990198F6
:10F28000069A09928DF82300099B46F20002C4F207
:10F29000010252F823200792079A48F280031A438A
:10F2A0000792079A48F68F73C0F2FF731A400792CD
:10F2B0009DF823300F22012B08BF072201FA02F22A
:10F2C000079991430791099A07990C920B918DF830
:10F2D0002B009DF82B00C007E0B1FFE700208DF860
:10F2E00037008DF83600FFE79DF83600002810DC67
:10F2F000FFE79DF8361043F28C60C0F6010030F94C
:10F300001100FDF701FC9DF8360001308DF8360044
:10F31000EAE7FFE70B980C9A46F20001C4F20101FC
:10F3200041F822009DF82B00C00700B3FFE7002042
:10F330008DF83500BFF34F8FBFF36F8F8DF834001A
:10F34000FFE79DF83400002810DCFFE79DF834103B
:10F3500043F28C60C0F6010030F91100FDF708FCA3
:10F360009DF8340001308DF83400EAE7FFE7BDF87E
:10F37000160008281CD1FFE700208DF85F0003A8C5
:10F38000169001208DF857009DF85F008DF8480019
:10F3900006208DF849001699086849681491139061
:10F3A0009DF8570000F0010112A8FEF767FB13E07B
:10F3B000FFE74EF6F050CEF200000290029800688F
:10F3C000C00710B1FFE700BEFFE7FFE70020012103
:10F3D0000822FDF75FFCFFE718B080BD80B592B052
:10F3E000059005980690069946F20000C4F20100C7
:10F3F00050F8210048F2800108430490049800F07E
:10F400000F008DF80F009DF80F008DF81F000120F0
:10F410008DF81E009DF81F1040F66410C2F2000027
:10F4200000EB41109DF81E1000EB011002900498B3
:10F430000890089800F4C060B0F5806F38D1FFE7FD
:10F440000298C07BC00708B9FFE767E00299002077
:10F45000C873049901F04002012181EA92118DF8EC
:10F460000710059A9DF8071011928DF84310ADF81A
:10F4700040001198C0009DF8431000EB810046F257
:10F480000042C4F2010280580F900F986FF31940A8
:10F49000BDF840106FF39F2140EA01400F900F9894
:10F4A0001199C9009DF8433001EB83018850FFE7B3
:10F4B000029908894989884206D0FFE70298BDF879
:10F4C0001410FFF7E1F829E09DF80F0040F08002EA
:10F4D0000298418900208DF83B008DF83A200D916B
:10F4E0008DF8330001208DF832009DF83B008DF837
:10F4F000240007208DF825009DF83A008DF828009B
:10F500000D980B909DF833008DF829009DF832007E
:10F5100000F0010109A8FEF7B1FAFFE712B080BDC3
:10F5200080B58EB0DDF840C00C900B91ADF82A206C
:10F53000ADF828300C988088BDF82810401AADF836
:10F540002600BDF82A00BDF82610401AADF82400A8
:10F550000C980068BDF82810084408900B98079094
:10F56000BDF82A00BDF82610884208DCFFE707989E
:10F570000899BDF82A20109B02F0BAFCA7E0109869
:10F5800000788DF81B009DF81B0001380590BDF830
:10F59000260005998843ADF8120007980899BDF830
:10F5A0001220109B02F0A4FC0798BDF8121008442A
:10F5B0000790BDF81210089808440890BDF826007E
:10F5C000059908408DF811009DF8110001286CDBA9
:10F5D000FFE7BDF824109DF81B009DF81120801A4C
:10F5E000ADF83610ADF83400BDF83600BDF8341073
:10F5F000884204DAFFE7BDF83600019003E0BDF869
:10F6000034000190FFE701988DF8100000208DF87C
:10F610000B00FFE79DF80B009DF8111088420DDAF2
:10F62000FFE708989DF80B20805C03A98854FFE74A
:10F630009DF80B0001308DF80B00EBE700208DF8F2
:10F640000A00FFE79DF80A009DF81010884211DAC1
:10F65000FFE70C9800689DF80A20805C9DF8111067
:10F660000A4403A98854FFE79DF80A0001308DF889
:10F670000A00E7E707989DF811109DF810200A444A
:10F68000109B03A902F034FC0798043007909DF802
:10F690001010BDF82400401AADF824000C98006842
:10F6A0009DF810100844089003E00C98006808903A
:10F6B000FFE7BDF82400012808DBFFE70798089959
:10F6C000BDF82420109B02F013FCFFE7FFE70EB00B
:10F6D00080BD000080B58EB0DDF840C00C900B916D
:10F6E000ADF82A20ADF828300C988088BDF8281095
:10F6F000401AADF82600BDF82A00BDF82610401AC1
:10F70000ADF824000C980068BDF828100844089053
:10F710000B980790BDF82A00BDF82610884208DC37
:10F72000FFE707980899BDF82A20109B02F084FB98
:10F73000A7E0109800788DF81B009DF81B00013899
:10F740000590BDF8260005998843ADF8120007988A
:10F750000899BDF81220109B02F06EFB0798BDF8C7
:10F76000121008440790BDF8121008980844089039
:10F77000BDF82600059908408DF811009DF811008C
:10F7800001286CDBFFE7BDF824109DF81B009DF8F5
:10F790001120801AADF83610ADF83400BDF83600EF
:10F7A000BDF83410884204DAFFE7BDF83600019056
:10F7B00003E0BDF834000190FFE701988DF81000D8
:10F7C00007989DF811109DF810200A44109B03A97A
:10F7D00002F032FB07980430079000208DF80B00F0
:10F7E000FFE79DF80B009DF8111088420DDAFFE746
:10F7F0009DF80B2003A8805C08998854FFE79DF8CA
:10F800000B0001308DF80B00EBE700208DF80A00AB
:10F81000FFE79DF80A009DF81010884211DAFFE713
:10F820009DF811009DF80A20811803A8405C0C99EE
:10F8300009688854FFE79DF80A0001308DF80A0036
:10F84000E7E79DF81010BDF82400401AADF8240039
:10F850000C9800689DF810100844089003E00C987C
:10F8600000680890FFE7BDF82400012808DBFFE7E7
:10F8700007980899BDF82420109B02F0DDFAFFE7F5
:10F88000FFE70EB080BD000080B584B08DF80F009A
:10F89000029101920298406903F09EFA029843692E
:10F8A0009DF80F00019A0121984704B080BD000027
:10F8B00080B582B0002000900190F4F77DFBFCF74A
:10F8C00049FAFBF77BFFFBF72BF8FBF70DF8FBF78B
:10F8D0003DF9FBF797F8FAF72DFFFBF7A5F8FBF7D3
:10F8E000D7F80099084603F0DFF903F0DBF9F0F7E9
:10F8F000E7FF00980121F1F73FF8009840F2B801C6
:10F90000C2F200014FF4E1320A6048600881488188
:10F910008881F0F7E9FF18B1FFE7F1F7FDFEFFE797
:10F92000FFE74FF0FF30002102F0F8FF40F64410EF
:10F93000C2F200000078C00700286AD1FFE702F099
:10F94000A5FE002858D0FFE740F64010C2F20000A4
:10F950000068B0B1FFE7F4F7F1FA40F64011C2F2E7
:10F9600000010968401AC0087C2803D8FFE700F0AE
:10F9700059F8D6E740F64011C2F2000100200860B5
:10F98000FFE740F63C10C2F20000006840B9FFE714
:10F99000F4F7D4FA40F63C11C2F200010860FFE728
:10F9A000F4F7CCFA40F63C11C2F200010968401AA3
:10F9B000FA2820D3FFE740F61800C2F20000FBF758
:10F9C000EDF8FBF7A9FA38B1FFE740F64411C2F2AF
:10F9D0000001012008700DE0F4F7B0FA40F6401184
:10F9E000C2F20001086040F63C11C2F200010020A2
:10F9F0000860FFE7FFE70BE040F63C11C2F20001B0
:10FA00000020086040F64011C2F200010860FFE7E4
:10FA100002E0FBF70BFBFFE700F004F801F00EF942
:10FA20007FE7000080B588B0FFE70021084602F0BC
:10FA300005FC38B1FFE706A807900799002002F0FF
:10FA40008DFCF2E740F65010C2F20000007800286A
:10FA500054D1FFE743F2CD60C0F6010005900020CD
:10FA60008DF813000598007800EB40019DF8130015
:10FA700048408DF813000598407800EB80019DF810
:10FA8000130048408DF813000598C078C0EBC00102
:10FA90009DF8130048408DF81300059800790B215C
:10FAA00000FB01F19DF8130048408DF81300059804
:10FAB00080790D2100FB01F19DF8130048408DF87D
:10FAC00013000598C07900EB00119DF81300484021
:10FAD0008DF813009DF8130000F07F0140F65010E0
:10FAE000C2F200000170007838B9FFE740F650110B
:10FAF000C2F2000101200870FFE7FFE7F4F71EFAE9
:10FB00000390FBF745F88DF80B009DF80B10FA20D9
:10FB1000012908BF4FF47A700190039840F6541100
:10FB2000C2F200010968401A019988420ED9FFE724
:10FB3000039840F65411C2F20001086040F2004000
:10FB4000C4F202200121F4F7CFF9FFE708B080BD2D
:10FB500082B08DF807008DF806100092002002B0E8
:10FB60007047000084B000208DF80700FFE79DF883
:10FB70000700002818DCFFE79DF8070000EB4001B4
:10FB800040F2B810C2F2000000EB81100090009823
:10FB900028300390009810300290FFE79DF807008E
:10FBA00001308DF80700E2E7012004B07047000043
:10FBB00080B58AB040F2B810C2F20000C021F0F760
:10FBC000CFFC00208DF82700FFE79DF827000028D4
:10FBD00041DCFFE79DF8270000EB400140F2B81040
:10FBE000C2F2000000EB81100890002305930793F8
:10FBF0000693089901F128004031DDF81CE06A46BF
:10FC00004FF0400CCDF810C0C2F80CC0C2F808E0AC
:10FC1000C2F804C0116019461A4601F09DFBDDF8D8
:10FC200010C0059B089901F110008031DDF818E043
:10FC30006A46C2F80CC0C2F808E0C2F804C01160FD
:10FC40000122194601F088FBFFE79DF827000130EB
:10FC50008DF82700B9E70AB080BD000080B5B6B0C6
:10FC60008DF851001391ADF84A2013981190119816
:10FC7000BDF84A10084410901398407901284AD1E1
:10FC8000FFE713988079012845D1FFE71398C079E1
:10FC9000002840D1FFE71398209020981F901F98CC
:10FCA000017808441190FFE711991098269125904A
:10FCB0002699259A0020914204900ED2FFE72698BB
:10FCC000289028982790279801780144259A0020A9
:10FCD000914298BF01200490FFE704990020C907D2
:10FCE000039051B1FFE711982B902B98407824385E
:10FCF000B0FA80F040090390FFE70398C00748B1CD
:10FD0000FFE711981E901E981D901D9801780844D9
:10FD10001190C9E7FFE7FFE711982A902A984078E9
:10FD2000042804D0FFE70020ADF8520065E1FFE7AA
:10FD300011980F90FFE70F984079012809D1FFE74C
:10FD40000F988079032804D1FFE70F98C07920B17C
:10FD5000FFE70020ADF852004FE1FFE700208DF8EB
:10FD6000B5008DF8B400FFE79DF8B400002825DC4D
:10FD7000FFE79DF8B40000EB400140F2B810C2F27A
:10FD8000000000EB81102C909DF8B5002C9991F8A3
:10FD90002A10884207D0FFE79DF8B5002C99897C8E
:10FDA000884205D1FFE79DF8B4008DF8B60009E060
:10FDB0009DF8B40001308DF8B400D5E7FF208DF830
:10FDC000B600FFE79DF8B6008DF83B00FFE79DF811
:10FDD0003B00012814DBFFE7FFE7FFE7FFE74EF6F4
:10FDE000F050CEF200000D900D980068C00710B1E1
:10FDF000FFE700BEFFE7FFE70020ADF85200FCE0A0
:10FE0000FFE79DF83B0000EB400140F2B810C2F262
:10FE1000000000EB81100C909DF851000C990870C7
:10FE20000F9880780C99487011981C901C981B9022
:10FE30001B9801780844119000208DF82F00FFE7EF
:10FE40009DF82F100F9802790020914202901CDA41
:10FE5000FFE711991098229121902299219A002070
:10FE6000914201900ED2FFE722982490249823908B
:10FE7000239801780144219A0020914298BF0120E3
:10FE80000190FFE701980290FFE70298C007002861
:10FE900000F0AD80FFE71198299029984078052857
:10FEA00040F09C80FFE711980A90FFE79DF8510011
:10FEB0000A9903F00FF9A0B9FFE7FFE7FFE7FFE7B3
:10FEC0004EF6F050CEF20000099009980068C00785
:10FED00010B1FFE700BEFFE7FFE70020ADF85200DA
:10FEE0008BE0FFE7119880788DF823009DF82300C0
:10FEF0008DF8B7009DF8B7100120B0EBD11F22D1CB
:10FF0000FFE70C9810300790079A9DF851100A9857
:10FF100033928DF8CB1031909DF8CB003399087057
:10FF200031988078339988703198349034988088EB
:10FF30006FF3DF20339988800798169016980C305D
:10FF400001F054FD3CE00C9828300690069A9DF88C
:10FF500051100A9830928DF8BF102E909DF8BF0076
:10FF6000309908702E988078309988702E98359046
:10FF7000359880886FF3DF20309988800698159037
:10FF800015980C3001F032FDFFE7069801F040FAB9
:10FF9000A0B9FFE7FFE7FFE7FFE74EF6F050CEF22C
:10FFA0000000059005980068C00710B1FFE700BE8B
:10FFB000FFE7FFE70020ADF852001EE0FFE7FFE794
:10FFC00011981A901A98199019980178084411906C
:10FFD0009DF82F0001308DF82F00FFE71198189041
:10FFE00018981790179801780844119028E71198ED
:10FFF0001399401AADF85200FFE7BDF8520036B031
:020000040801F1
:1000000080BD000080B588B08DF80F0000208DF80D
:100010000E00FFE79DF80E00002833DCFFE79DF897
:100020000E0000EB400140F2B810C2F2000000EBFD
:1000300081100290029900200190C8608860486099
:10004000086002982830059005980C3001F0CEFC2D
:100050000198029928310791079988700298103009
:10006000049004980C3001F0C1FC01980299103101
:10007000069106998870FFE79DF80E0001308DF813
:100080000E00C7E708B080BD80B58EB08DF81A00AD
:100090008DF819108DF8182005939DF819008DF82A
:1000A000220000208DF82100FFE79DF821000028A4
:1000B00025DCFFE79DF8210000EB400140F2B8107D
:1000C000C2F2000000EB811007909DF82200079912
:1000D00091F82A10884207D0FFE79DF8220007997F
:1000E000897C884205D1FFE79DF821008DF8230027
:1000F00009E09DF8210001308DF82100D5E7FF20AF
:100100008DF82300FFE79DF823008DF81300FFE72B
:100110009DF81300012814DBFFE7FFE7FFE7FFE787
:100120004EF6F050CEF20000039003980068C0072E
:1001300010B1FFE700BEFFE7FFE700208DF81B00CE
:100140005DE0FFE79DF8130000EB400140F2B810BE
:10015000C2F2000000EB811002900298283001905A
:100160000298103000909DF8190001998978884212
:1001700026D1FFE79DF81800F0B9FFE7019905982F
:100180000A9109900A98806888B1FFE70A9800F1FF
:100190000C02816809980D920C91ADF82E000D9813
:1001A0000C99BDF82E20002301F018FDFFE79DF803
:1001B000130002F063FAFFE7019801F029F91AE051
:1001C0009DF819000099897888420FD1FFE79DF8C2
:1001D000180058B9FFE7009801F0D8FA28B9FFE7EE
:1001E0000098059901F0ACFBFFE703E000208DF8D3
:1001F0001B0004E0FFE701208DF81B00FFE79DF8DE
:100200001B000EB080BD000088B0ADF80E0002915A
:100210000192BDF80E003F2813DBFFE72020ADF868
:100220000200029A01211170BDF80E10079106908C
:100230000798069908440138B0FBF1F0019908705D
:1002400012E00220ADF80200029A00211170BDF800
:100250000E10059104900598049908440138B0FBEC
:10026000F1F001990870FFE701980078BDF80210DD
:1002700000FB01F080B208B07047000081B08DF83B
:1002800003009DF8030000F00F008DF8030000202C
:100290008DF802009DF80300C00730B1FFE79DF81C
:1002A000020001308DF80200FFE79DF8030080078F
:1002B000002806D5FFE79DF8020001308DF8020006
:1002C000FFE79DF803004007002806D5FFE79DF8EB
:1002D000020001308DF80200FFE79DF803000007DF
:1002E000002806D5FFE79DF8020001308DF80200D6
:1002F000FFE79DF8020001B07047000082B08DF862
:1003000006009DF8060001460091072826D80099AE
:10031000DFE801F004080C1014181C2010208DF8E0
:1003200007001FE011208DF807001BE012208DF858
:10033000070017E013208DF8070013E014208DF854
:1003400007000FE015208DF807000BE016208DF850
:10035000070007E017208DF8070003E000208DF864
:100360000700FFE79DF8070002B0704780B5A0B016
:100370008DF85E001691002002F02EFDFFE7169822
:100380000078C0F34110032814DBFFE7FFE7FFE725
:10039000FFE74EF6F050CEF2000015901598006879
:1003A000C00710B1FFE700BEFFE7FFE700208DF8B0
:1003B0005F0050E3FFE716980078C0F34110022871
:1003C0000FD1FFE742F69140C0F6010002F004FDB4
:1003D0009DF85E00169A012102F05AFC8DF85F002C
:1003E00039E31698007800F01F000146059150B1DE
:1003F000FFE70598012800F08681FFE705980228AD
:1004000000F0188211E316980078C0F3411001281B
:1004100066D1FFE716988088ADF87E00BDF87E00B3
:100420008DF85300FFE79DF85300102804D3FFE731
:1004300000208DF85F000EE3FFE79DF8531040F2B7
:100440007A20C2F200000844C0798DF877000020BD
:100450001C909DF8770040F22011C2F2000109784B
:1004600088420DDAFFE740F21C10C2F2000000687B
:100470009DF8771001EBC10100EB81001C901BE09F
:1004800040F22010C2F2000001789DF87700401A77
:100490008DF877009DF8770000280CDCFFE79DF8C9
:1004A000770000EBC00143F2F050C0F6010000EB12
:1004B00081001C90FFE7FFE71C981390FFE713985B
:1004C00020B9FFE700208DF85F00C4E2FFE79DF848
:1004D0005E001399169AFFF7D7F98DF85F00BAE21C
:1004E000169800784009800790B1FFE7FFE74EF6C5
:1004F000F050CEF20000129012980068C00710B1C0
:10050000FFE700BEFFE7FFE700208DF85F00A2E2F3
:100510001698407801460491092800F2E180049978
:10052000DFE801F0CEB5DE9DDE058FDE15251698DD
:1005300002F05CFC9DF85E0016998978FEF774F86D
:1005400040F27A21C2F2000101204870DAE040F264
:100550007A20C2F2000000798DF847009DF85E0015
:1005600016990DF14702012301F038FDCAE01698F3
:1005700080788DF8460040F27A20C2F200000079BF
:100580009DF84610884256D0FFE740F27A20C2F22A
:1005900000000079D0B1FFE79DF85E000021FEF772
:1005A00055F89DF85E00FCF71BFE40F27A20C2F27F
:1005B0000000039040798DF845009DF85E00FCF73F
:1005C000A5FB03999DF845004871FFE79DF846009B
:1005D00040F27A21C2F2000108719DF8460018B974
:1005E000FFE702F053FB25E09DF85E009DF8461002
:1005F00000F092FBD8B9FFE740F27A21C2F2000185
:1006000000200871FFE7FFE7FFE7FFE74EF6F05035
:10061000CEF20000109010980068C00710B1FFE7FC
:1006200000BEFFE7FFE700208DF85F0013E202F055
:100630002BF8FFE7FFE79DF85E00169901F0B4FC88
:1006400060E0FFE79DF85E00169900F009FA20B916
:10065000FFE700208DF85F00FDE1FFE752E016980C
:10066000408801280ED1FFE740F27A21C2F2000152
:10067000C87840F00200C8709DF85E00169901F03D
:1006800093FC03E000208DF85F00E4E13AE0FFE72F
:1006900016984088012804D0FFE700208DF85F00FD
:1006A000D9E1FFE740F27A21C2F20001C87800F0F8
:1006B000FD00C8709DF85E00169901F075FC21E000
:1006C00040F27A20C2F20000C078ADF83E009DF8FA
:1006D0005E0016990DF13E02022301F07FFC11E04D
:1006E000FFE74EF6F050CEF200000E900E98006834
:1006F000C00710B1FFE700BEFFE7FFE700208DF85D
:100700005F00A8E1A3E116988088ADF87C00BDF8F1
:100710007C008DF83700FFE79DF83700102804D3E0
:10072000FFE700208DF85F0095E1FFE79DF83710A7
:1007300040F27A20C2F200000844C0798DF86F00C0
:1007400000201A909DF86F0040F22011C2F20001C3
:10075000097888420DDAFFE740F21C10C2F200006F
:1007600000689DF86F1001EBC10100EB81001A9049
:100770001BE040F22010C2F2000001789DF86F00EB
:10078000401A8DF86F009DF86F0000280CDCFFE721
:100790009DF86F0000EBC00143F2F050C0F601007D
:1007A00000EB81001A90FFE7FFE71A980C90FFE733
:1007B0000C9820B9FFE700208DF85F004BE1FFE7C0
:1007C0009DF85E000C99169AFFF75EF888BBFFE76C
:1007D000FFE7169800784009800720B1FFE7002066
:1007E0008DF85F0037E1FFE7002002F0F5FA169878
:1007F0004078014602910A2804D0FFE702980B28AE
:100800000CD011E000208DF82F009DF85E001699A5
:100810000DF12F02012301F0E1FB09E09DF85E00DC
:10082000169901F0C1FB03E000208DF85F0012E192
:10083000FFE70CE116988088ADF87A00BDF87A00E1
:100840008DF82E009DF82E008DF878009DF8780028
:1008500000F00F008DF82D009DF82E008DF8790026
:100860009DF87900C0098DF82C00FFE79DF82D0058
:10087000082814D3FFE7FFE7FFE7FFE74EF6F05045
:10088000CEF200000A900A980068C00710B1FFE796
:1008900000BEFFE7FFE700208DF85F00DBE0FFE729
:1008A0009DF82D1040F27A20C2F2000000EB4100CA
:1008B0009DF82C100844C07D8DF86700002018902A
:1008C0009DF8670040F22011C2F2000109788842C9
:1008D0000DDAFFE740F21C10C2F2000000689DF83C
:1008E000671001EBC10100EB810018901BE040F2A2
:1008F0002010C2F2000001789DF86700401A8DF8C0
:1009000067009DF8670000280CDCFFE79DF8670092
:1009100000EBC00143F2F050C0F6010000EB810093
:100920001890FFE7FFE7189809901698007840099B
:10093000800790B1FFE7FFE7099820B9FFE70020A3
:100940008DF85F0087E0FFE79DF85E000999169A31
:10095000FEF79AFF8DF85F007DE01698407801461B
:10096000019140B1FFE70198012815D0FFE70198F8
:10097000032811D045E09DF85E009DF82E1002F08E
:1009800073FCADF822009DF85E0016990DF122026D
:10099000022301F023FB46E016984088A0B9FFE748
:1009A00016984078012807D1FFE79DF85E009DF872
:1009B0002E1002F04DFB06E09DF85E009DF82E1013
:1009C00002F010FCFFE7FFE70998C8B1FFE79DF8C8
:1009D0005E000999169AFEF757FF002002F0FCF915
:1009E00040F27A20C2F2000090F82800C00730B927
:1009F000FFE79DF85E00169901F0D6FAFFE7FFE7E2
:100A000011E0FFE74EF6F050CEF200000790079895
:100A10000068C00710B1FFE700BEFFE7FFE7002056
:100A20008DF85F0017E0FFE711E0FFE74EF6F050AA
:100A3000CEF20000069006980068C00710B1FFE7EC
:100A400000BEFFE7FFE700208DF85F0003E0012014
:100A50008DF85F00FFE79DF85F0020B080BD0000CB
:100A600080B592B08DF832000B910B984088ADF8AC
:100A700036009DF837008DF82B000B984088ADF8B4
:100A80003400BDF834008DF82A009DF82B000138A1
:100A9000014600910E2800F2C8800099DFE801F0BD
:100AA000084C91C5C5AD4CC5C5C5C5C5C5C52E004D
:100AB00001F03CFB0990FFE70998A0B9FFE7FFE7C9
:100AC000FFE7FFE74EF6F050CEF2000008900898DE
:100AD0000068C00710B1FFE700BEFFE7FFE7002096
:100AE0008DF83300A5E0FFE79DF832000B99099AD5
:100AF000122301F073FA8DF833009AE001F00AFB3B
:100B00000790FFE7079820B9FFE700208DF8330032
:100B10008FE0FFE7079802300F900F980088ADF83C
:100B20001A009DF832000B99079ABDF81A3001F0AF
:100B300055FA8DF833007CE09DF82B0002281FD178
:100B4000FFE79DF82A0001F0E7FA0590FFE7059816
:100B5000A0B9FFE7FFE7FFE7FFE74EF6F050CEF260
:100B60000000049004980068C00710B1FFE700BEC1
:100B7000FFE7FFE700208DF833005AE0FFE70EE0C3
:100B80009DF82A0001F0DAFA0590FFE7059820B9F0
:100B9000FFE700208DF833004BE0FFE7FFE7059803
:100BA00002300E900E980088ADF80E009DF83200CD
:100BB0000B99059ABDF80E3001F010FA8DF833004C
:100BC00037E09DF82A000B99898801F0BDFA029060
:100BD000FFE7029820B9FFE700208DF8330028E0F6
:100BE000FFE79DF832000B99029A1192119B1B7836
:100BF00001F0F4F98DF833001BE001F09DFA01904B
:100C0000FFE7019820B9FFE700208DF8330010E0DE
:100C1000FFE79DF832000B99019A1092109B1B7808
:100C200001F0DCF98DF8330003E000208DF833008B
:100C3000FFE79DF8330012B080BD000080B586B09C
:100C4000002001F059FB08B9FFE763E000208DF8B0
:100C50000B00FFE79DF80B0007285BDCFFE79DF822
:100C60000B1040F27930C2F20000405C40088DF871
:100C70000A009DF80A009DF80B2040F6F401C2F22C
:100C80000001895C401AADF80800BDF90800B0F118
:100C9000FF3F06DCFFE7BDF808004042ADF8080062
:100CA000FFE7BDF9080004282DDBFFE79DF80B00E6
:100CB000FFF724FB8DF807009DF80700C8B1FFE798
:100CC000B0208DF804009DF807008DF805009DF810
:100CD0000A008DF8060000208DF8170001A9049184
:100CE000032103919DF81710049A039B01F054FB14
:100CF000FFE79DF80A009DF80B2040F6F401C2F2D0
:100D000000018854FFE7FFE79DF80B0001308DF8E4
:100D10000B009FE706B080BD80B59AB08DF83E000D
:100D20008DF83D109DF83D000138C0B201F0F4F996
:100D30000E90FFE70E9828B1FFE70E984078022842
:100D400014D0FFE7FFE7FFE7FFE74EF6F050CEF2E3
:100D500000000D900D980068C00710B1FFE700BEBD
:100D6000FFE7FFE700208DF83F0042E1FFE70E9824
:100D7000C07900F0400240F27A21C2F20001C87846
:100D800000F0FE0040EA9210C8700E9809300C90F6
:100D90000E98418808440B90FFE70C990B98159129
:100DA00014901599149A0020914202900ED2FFE7F8
:100DB0001598179017981690169801780144149A70
:100DC0000020914298BF01200290FFE70298C007DF
:100DD000002800F00A81FFE70C98199019984078D4
:100DE0000B2809D1FFE70C981390139812901298D2
:100DF000017808440C90D0E7FFE70C9818901898F9
:100E00004078042814D0FFE7FFE7FFE7FFE74EF63E
:100E1000F050CEF200000A900A980068C00710B1A6
:100E2000FFE700BEFFE7FFE700208DF83F00E0E0AE
:100E3000FFE70C9809900B980C99401AADF8220026
:100E400000208DF82100FFE79DF8210040F22011DD
:100E5000C2F2000109780131C9B2884280F2A28051
:100E6000FFE79DF821008DF84700002010909DF8C5
:100E7000470040F22011C2F20001097888420DDAE1
:100E8000FFE740F21C10C2F2000000689DF8471016
:100E900001EBC10100EB810010901BE040F220103B
:100EA000C2F2000001789DF84700401A8DF8470013
:100EB0009DF8470000280CDCFFE79DF8470000EB99
:100EC000C00143F2F050C0F6010000EB8100109029
:100ED000FFE7FFE710980790FFE70798A0B9FFE743
:100EE000FFE7FFE7FFE74EF6F050CEF20000069076
:100EF00006980068C00710B1FFE700BEFFE7FFE7F4
:100F000000208DF83F0074E0FFE7079803699DF823
:100F10003E000999BDF822209847ADF81600BDF8AB
:100F20001600092837D3FFE7BDF81600BDF82210D8
:100F3000884230DCFFE7FFE79DF821000C99BDF8FF
:100F400016306A465360116040F27A22C2F2000203
:100F500002F117010732102300F0F0F8A0B9FFE703
:100F6000FFE7FFE7FFE74EF6F050CEF200000490F7
:100F700004980068C00710B1FFE700BEFFE7FFE775
:100F800000208DF83F0034E0FFE7BDF816100C9804
:100F900008440C9006E0FFE79DF8210001308DF831
:100FA000210051E7FFE79DF8210040F22011C2F235
:100FB000000109780131C9B2884214DBFFE7FFE77D
:100FC000FFE7FFE74EF6F050CEF2000003900398E3
:100FD0000068C00710B1FFE700BEFFE7FFE7002091
:100FE0008DF83F0005E0FFE7D7E601208DF83F00D0
:100FF000FFE79DF83F001AB080BD000080B584B0C7
:101000008DF80F00029102980178012080EAD1103A
:10101000C0018DF807009DF80F009DF807106A4683
:10102000002313601A4602F049F904B080BD0000A5
:1010300080B582B00090FFE70098807820B9FFE784
:1010400000208DF8070012E0FFE700984078C00705
:1010500008B1FFE707E000990878897801F0CCFF34
:101060008DF8070003E000208DF80700FFE79DF8EA
:10107000070002B080BD000080B582B000900098EB
:101080004078C00708B1FFE707E000990878897841
:1010900002F07CF88DF8070003E000208DF80700CF
:1010A000FFE79DF8070002B080BD000080B588B062
:1010B0000690ADF8161006984078C00708B1FFE713
:1010C00034E00698806880B9FFE7069A1078917836
:1010D0000C32BDF81630EE464FF0000CCEF800C0D2
:1010E00002F090F98DF81F0024E0069801788078CE
:1010F00003910490BDF8160020B1FFE706988068C0
:10110000029002E000200290FFE704990398029AFF
:10111000BDF81630EE464FF0000CCEF800C0C0B25D
:10112000C9B202F0CBF88DF81F0003E000208DF863
:101130001F00FFE79DF81F0008B080BD80B591B08B
:1011400084461498DDF84CE08DF822C00791069291
:101150008DF81730ADF814001398BDF8141008443A
:101160000490FFE7139904980A9109900A99099A43
:101170000020914200900ED2FFE70A980E900E9840
:101180000D900D9801780144099A0020914298BF72
:1011900001200090FFE70098C007002867D0FFE714
:1011A00013980B900B9840788DF80F009DF80F0066
:1011B000052822D1FFE7139880788DF80E009DF85E
:1011C0000E008DF832009DF8320000F00F008DF80F
:1011D0000D009DF80E008DF833009DF83300C00916
:1011E0008DF80C009DF8220007999DF80D2001EB69
:1011F00042019DF80C20885430E09DF80F0004282F
:101200002BD1FFE7139802900298C07820BBFFE72C
:10121000FFE7029880789DF81710884214DBFFE7FB
:10122000FFE7FFE7FFE74EF6F050CEF20000019037
:1012300001980068C00710B1FFE700BEFFE7FFE7B5
:1012400000208DF8230016E0FFE79DF822000699A4
:10125000029A92788854FFE7FFE7FFE7139810900F
:1012600010980F900F980178084413907AE70120A6
:101270008DF82300FFE79DF8230011B080BD00002A
:1012800085B003900291FFE703980078C00720B172
:10129000FFE700208DF8130031E0FFE7FFE7039838
:1012A00000788008C00720B1FFE700208DF8130008
:1012B00025E0FFE7039801780020C907009039B9BD
:1012C000FFE703980178012020EA91000090FFE7F2
:1012D000009800F001008DF807009DF80700C00796
:1012E00030B1FFE70399087840F004000870FFE789
:1012F0009DF8070000F001008DF81300FFE79DF84E
:10130000130005B07047000084B003900291039869
:10131000007881080020C907009031B1FFE70398E9
:101320000178012088430090FFE7009800F0010059
:101330008DF807009DF80700C00730B1FFE703995B
:10134000087800F0FB000870FFE79DF8070000F048
:10135000010004B07047000010B584B08C4686468A
:10136000099808990799069CCDF808E08DF807C000
:101370008DF806208DF80530ADF80210ADF80000AC
:10138000069820B1FFE7BDF8020020B9FFE7002072
:101390008DF80F001BE09DF80700029900F0010096
:1013A000487002980C300699BDF802209DF805306F
:1013B00003F0010300F024FB089802998860BDF84F
:1013C00000000299C88001208DF80F00FFE79DF80A
:1013D0000F0004B010BD000080B588B004900391E8
:1013E0000292049800F10C02039902980792069168
:1013F000ADF8160007980699BDF81620002300F0F6
:10140000C5FB0190049800F003F8019808B080BD76
:1014100080B594B0059005980C30089008988288A3
:10142000018908984089ADF82E20ADF82C10ADF850
:101430002A00BDF82E20BDF82C10BDF82A00ADF80A
:101440003820ADF83610ADF83400BDF83600BDF8E0
:101450003410401A0C900C98002804D4FFE70C9824
:10146000ADF83A0007E0BDF838100C9800EB4100E9
:10147000ADF83A00FFE7BDF83A00ADF82800BDF836
:101480002E00BDF82810884207DDFFE7BDF82E00CA
:10149000BDF82810401A029002E000200290FFE7F9
:1014A0000298ADF81200FFE7BDF81200059989888F
:1014B000884203DAFFE700200690A1E0FFE7FFE79C
:1014C0000598FFF7B5FD18B9FFE70020069097E0F3
:1014D000FFE705980C3007900798828801890798E4
:1014E0004089ADF84220ADF84010ADF83E00BDF89F
:1014F0004220BDF84010BDF83E00ADF84C20ADF8DC
:101500004A10ADF84800BDF84A00BDF84810401A2E
:1015100011901198002804D4FFE71198ADF84E00FF
:1015200007E0BDF84C10119800EB4100ADF84E00FB
:10153000FFE7BDF84E00ADF83C00BDF84200BDF835
:101540003C10884207DDFFE7BDF84200BDF83C10C3
:10155000401A019002E000200190FFE70198ADF8E9
:101560001200BDF8120005998988884242DBFFE726
:10157000BDF812000599898849420840ADF810006D
:10158000BDF810100598C088ADF82610ADF82400FD
:10159000BDF82600BDF82410884204DAFFE7BDF844
:1015A0002600009003E0BDF824000090FFE70098BB
:1015B000ADF81000FFE70598BDF81010FFF776FDB5
:1015C00098B9FFE7FFE7FFE7FFE74EF6F050CEF2EE
:1015D0000000039003980068C00710B1FFE700BE49
:1015E000FFE7FFE7002006900AE0FFE7BDF81000E4
:1015F000069005E00598FFF73FFD00200690FFE705
:10160000069814B080BD000080B590B0059004919C
:101610000392FFE7039818B9FFE70020069066E001
:10162000FFE7059800F10C02049903980A920991CA
:10163000ADF822000A980999BDF82220002300F095
:10164000CDFAADF80A0005980C300790079882880B
:10165000018907984089ADF83C20ADF83A10ADF803
:101660003800BDF83A00BDF83810401A0D900D98BA
:10167000002804D4FFE70D98ADF83E0007E0BDF860
:101680003C100D9800EB4100ADF83E00FFE7BDF8BF
:101690003E1007988088ADF83210ADF83000BDF8E4
:1016A0003200BDF83010884204DAFFE7BDF832009E
:1016B000019003E0BDF830000190FFE7019880B28F
:1016C0000599898888420ADAFFE705980C300B9063
:1016D0000B98808805998988884204DAFFE7059885
:1016E00000F054F8FFE7BDF80A000690FFE70698FF
:1016F00010B080BD88B0019001980C300290029823
:101700008288018902984089ADF81220ADF8101046
:10171000ADF80E00BDF81220BDF81010BDF80E0097
:10172000ADF81C20ADF81A10ADF81800BDF81A007D
:10173000BDF81810401A05900598002804D4FFE75A
:101740000598ADF81E0007E0BDF81C10059800EBE9
:101750004100ADF81E00FFE7BDF81E00ADF80C001B
:10176000BDF81200BDF80C10884207DDFFE7BDF898
:101770001200BDF80C10401A009002E0002000900A
:10178000FFE7009880B208B07047000080B594B0C1
:10179000059005980C30089008988288018908986F
:1017A0004089ADF84020ADF83E10ADF83C00BDF8E2
:1017B0003E00BDF83C10401A0E900E98002804D44C
:1017C000FFE70E98ADF8420007E0BDF840100E9814
:1017D00000EB4100ADF84200FFE7BDF84210089869
:1017E0008088ADF83210ADF83000BDF83200BDF899
:1017F0003010884204DAFFE7BDF83200029003E0BF
:10180000BDF830000290FFE70298ADF81200FFE744
:10181000BDF81200002803DCFFE7002006908CE0F2
:10182000FFE7FFE70598FFF703FC18B9FFE7002083
:10183000069082E0FFE70598806800283FD1FFE727
:1018400005980C300790079882880189079840898D
:10185000ADF84C20ADF84A10ADF84800BDF84A008C
:10186000BDF84810401A11901198002804D4FFE7E1
:101870001198ADF84E0007E0BDF84C10119800EB40
:101880004100ADF84E00FFE7BDF84E100798808884
:10189000ADF83610ADF83400BDF83600BDF83410A0
:1018A000884204DAFFE7BDF83600019003E0BDF896
:1018B00034000190FFE70198ADF8100012E00598A0
:1018C00000F10C028168C0880B920A91ADF82600E5
:1018D0000B980A99BDF82620002300F057F9ADF8BF
:1018E0001000FFE7BDF81000012820DBFFE7FFE74D
:1018F0000598BDF81010FFF7D9FB98B9FFE7FFE78F
:10190000FFE7FFE74EF6F050CEF200000390039899
:101910000068C00710B1FFE700BEFFE7FFE7002047
:1019200006900AE0FFE7BDF81000069005E0059874
:10193000FFF7A2FB00200690FFE7069814B080BDD9
:1019400080B586B002900191FFE702980C300590B7
:1019500005980089ADF8120005984089ADF810008F
:10196000BDF81200BDF8101088420AD1FFE70198B7
:1019700038B1FFE70198029989880139084204D0FB
:10198000FFE700208DF80F002BE0FFE7FFE702984C
:10199000FFF74EFB20B9FFE700208DF80F0020E095
:1019A000FFE7FFE702980021FFF780FBA0B9FFE700
:1019B000FFE7FFE7FFE74EF6F050CEF200000090A1
:1019C00000980068C00710B1FFE700BEFFE7FFE71F
:1019D00000208DF80F0004E0FFE701208DF80F00D4
:1019E000FFE79DF80F0006B080BD000081B00090B9
:1019F0000099002048810099088101B070470000DB
:101A000084B002900191ADF802208DF80130BDF84C
:101A10000200B0F5004F04DDFFE700208DF80F0055
:101A200015E0019802990860BDF8020002998880CB
:101A30009DF80100029900F00100887102990020D0
:101A400048810299088101208DF80F00FFE79DF879
:101A50000F0004B07047000080B58CB084460F982A
:101A60000E98CDF818C00591ADF81220ADF81030E1
:101A7000ADF80E0006988288BDF81010BDF80E0073
:101A8000ADF82820ADF82610ADF82400BDF82600EA
:101A9000BDF82410401A08900898002804D4FFE7E5
:101AA0000898ADF82A0007E0BDF82810089800EB68
:101AB0004100ADF82A00FFE7BDF82A00ADF80C00A0
:101AC000BDF80C0020B9FFE70020ADF81E0059E07A
:101AD000BDF80C000699898888420CDDFFE706985E
:101AE000BDF81010FBF7A2F9ADF80E00069880883B
:101AF000ADF80C00FFE7BDF80C00BDF812108842ED
:101B000005DAFFE7BDF80C00ADF81200FFE7069814
:101B10008188BDF80E00ADF82E10ADF82C00FFE75F
:101B2000BDF82C00BDF82E10884208DBFFE7BDF899
:101B30002E10BDF82C00401AADF82C00F0E7BDF8CF
:101B40002C00ADF80A000F9870B1FFE706980599D0
:101B5000BDF81220BDF80A30DDF83CC0EE46CEF8E4
:101B600000C0FDF7DDFC08E006980599BDF81220DD
:101B7000BDF80A30FDF7D2F8FFE7BDF81200ADF866
:101B80001E00FFE7BDF81E000CB080BD10B586B08A
:101B900005900491ADF80E20029305980499BDF8C4
:101BA0000E200389DDF814C0BCF80AC0029CEE4682
:101BB000CEF80440CEF800C0FFF74EFFADF80E009F
:101BC000059988884989BDF80E20FBF731F80599F9
:101BD0004881BDF80E0006B010BD000080B596B07B
:101BE0000A900991ADF822200793BDF8220020B990
:101BF000FFE70020ADF82E0019E10A980089ADF842
:101C00001A000A984089ADF81800099805900A98BA
:101C10008079C007002861D1FFE70A988288BDF863
:101C20001A10BDF81800ADF84620ADF84410ADF814
:101C30004200BDF84620BDF84410BDF84200ADF8A2
:101C40005020ADF84E10ADF84C00BDF84E00BDF878
:101C50004C10401A12901298002804D4FFE71298F2
:101C6000ADF8520007E0BDF85010129800EB4100AB
:101C7000ADF85200FFE7BDF85200ADF84000BDF8E6
:101C80004600BDF84010884207DDFFE7BDF846007A
:101C9000BDF84010401A029002E000200290FFE7D9
:101CA0000298ADF81200BDF82210BDF81200ADF890
:101CB0005610ADF85400BDF85600BDF854108842D7
:101CC00004DAFFE7BDF85600019003E0BDF85400C8
:101CD0000190FFE70198ADF822005DE0BDF8220019
:101CE0000A998988884216DBFFE7079848B9FFE719
:101CF000BDF822000A998988411A05980844059080
:101D000000E0FFE70A988088ADF82200BDF81800CF
:101D1000ADF81A003FE00A988288BDF81A10BDF8A5
:101D20001800ADF83820ADF83610ADF83400BDF825
:101D30003600BDF83410401A0C900C98002804D4DA
:101D4000FFE70C98ADF83A0007E0BDF838100C98A2
:101D500000EB4100ADF83A00FFE7BDF83A00ADF8FE
:101D60001000BDF81000BDF8221008440A998988B7
:101D7000B0EB410F0DDBFFE70A988088BDF8181023
:101D8000BDF82220821A92B2FAF752FFADF81A007B
:101D900000E0FFE7FFE7FFE7BDF82200002841D0A1
:101DA000FFE70A988188BDF81A00ADF83E10ADF83B
:101DB0003C00FFE7BDF83C00BDF83E10884208DB60
:101DC000FFE7BDF83E10BDF83C00401AADF83C00FE
:101DD000F0E7BDF83C00ADF80E00079870B1FFE7E2
:101DE0000A980599BDF82220BDF80E30DDF81CC018
:101DF000EE46CEF800C0FDF76DFC08E00A980599A4
:101E0000BDF82220BDF80E30FCF7C6FFFFE70A98A8
:101E10008088BDF81A10BDF82220FAF709FF0A9948
:101E20000881FFE7BDF82200ADF82E00FFE7BDF8FE
:101E30002E0016B080BD000080B592B007900691CC
:101E4000ADF816200493049820B1FFE704980078B9
:101E5000019002E004200190FFE701988DF80F0047
:101E6000FFE7BDF816009DF80F10884220DBFFE762
:101E7000079A06999DF80F000D920C918DF82F008E
:101E80000C990D9800680F910E900E980F990860AC
:101E90009DF80F100698084406909DF80F10BDF8A5
:101EA0001600401AADF81600079804300790D8E7DE
:101EB000BDF81600012819DBFFE707999DF80F0010
:101EC0000A9102A909918DF82300099A0A980068DD
:101ED000119210901098119A10600698BDF8162073
:101EE000EEF7D7FA079804300790FFE712B080BDED
:101EF00080B590B007900691ADF816200493049831
:101F000020B1FFE704980078019002E004200190DE
:101F1000FFE701988DF80F00FFE7BDF816009DF868
:101F20000F1088421EDBFFE7079A06999DF80F0005
:101F30000D920C918DF82F000C980E900E98006861
:101F40000D9908609DF80F100698084406909DF8BA
:101F50000F10BDF81600401AADF8160007980430AF
:101F60000790DAE7BDF8160001281BDBFFE7002029
:101F700002900699BDF8162002A80090EEF789FAA3
:101F80000099079A9DF80F000A9209918DF8230095
:101F900009980F900F9800680A9908600798043014
:101FA0000790FFE710B080BD80B582B08DF80700C4
:101FB0000091009908684A6840F26411C2F2000179
:101FC0004A60086000208860C88188819DF8070009
:101FD0000099FFF713F802B080BD000080B58AB009
:101FE0008DF8220007910692ADF81630079908681F
:101FF0004A6840F26411C2F200014A600860069823
:1020000088600020C881BDF816100798C088ADF818
:102010002610ADF82400BDF82600BDF82410884233
:1020200004DAFFE7BDF82600019003E0BDF82400C4
:102030000190FFE7019840F26411C2F2000188812B
:102040000798C08800283ED0FFE740F26410C2F233
:1020500000008089D0B1FFE7FFE70698A0B9FFE74D
:10206000FFE7FFE7FFE74EF6F050CEF200000490E6
:1020700004980068C00710B1FFE700BEFFE7FFE764
:1020800000208DF8230040E0FFE7FFE7FFE79DF821
:102090002200FAF7EFFEA0B9FFE7FFE7FFE7FFE74F
:1020A0004EF6F050CEF20000039003980068C0078F
:1020B00010B1FFE700BEFFE7FFE700208DF8230027
:1020C00023E0FFE71DE0FFE79DF822000799FEF7F8
:1020D00095FFA0B9FFE7FFE7FFE7FFE74EF6F050F7
:1020E000CEF20000029002980068C00710B1FFE72E
:1020F00000BEFFE7FFE700208DF8230005E0FFE7C3
:10210000FFE701208DF82300FFE79DF823000AB0C8
:1021100080BD00000020704781B08DF8030043F2BD
:102120002660C0F6010001B07047000043F2146061
:10213000C0F60100704700000020704781B08DF8A4
:102140000300002001B0704780B586B08DF8130001
:10215000ADF810109DF8130078B9FFE740F23C008D
:10216000C2F200000068008840F27811C2F200015B
:10217000488001208DF80F003CE09DF813000528F1
:1021800003D3FFE70020059042E09DF8131040F2D2
:102190003C00C2F2000050F8210002900298EEF7D5
:1021A00059F98DF80F009DF80F00202804DBFFE798
:1021B0001F208DF80F00FFE700208DF80700FFE7D4
:1021C0009DF807009DF80F10884212DAFFE7029889
:1021D0009DF80720805C40F27811C2F2000101EB0B
:1021E00042014880FFE79DF8070001308DF80700A5
:1021F000E6E7FFE79DF80F10022000EB410040F4F6
:10220000407140F27810C2F2000001800590FFE7B3
:10221000059806B080BD000083B08DF80B000191D9
:102220008DF8032003B0704740F22C00C2F200008A
:102230000078FF3818BF0120704700008BB08DF880
:1022400013008DF812109DF8130000EB400140F2CE
:10225000B810C2F2000000EB811003900398083020
:1022600002900398283001900198059005980C3051
:10227000069006988288018906984089ADF8282042
:10228000ADF82610ADF82400BDF82600BDF82410E6
:10229000401A08900898002804D4FFE70898ADF881
:1022A0002A0007E0BDF82810089800EB4100ADF8BF
:1022B0002A00FFE7BDF82A1006988088ADF81E10A6
:1022C000ADF81C00BDF81E00BDF81C10884204DAF1
:1022D000FFE7BDF81E00009003E0BDF81C00009071
:1022E000FFE7009880B202990A794979891A50FA71
:1022F00081F00BB07047000086B08DF80F009DF89C
:102300000F0000EB400140F2B810C2F2000000EBF9
:10231000811002900298103005900598807800286E
:1023200018BF01208DF80700029828300490049807
:102330008078002818BF01208DF806009DF807104E
:102340000020C907009021B1FFE79DF8060000902A
:10235000FFE7009800F0010006B0704780B584B038
:102360008DF80F0002919DF80F0000EB400140F244
:10237000B810C2F2000000EB8110019001982830E3
:102380000090009802990422FFF726F80438B0FA6A
:1023900080F0400904B080BD80B58EB08DF82F006C
:1023A0008DF82E100A9209939DF82F0000EB400142
:1023B00040F2B810C2F2000000EB811008900898BB
:1023C00002300790089810300690FFE706980D90AD
:1023D0000D98807818B9FFE700200C904BE1FFE7DB
:1023E00000200590FFE705980999884280F03D811B
:1023F000FFE70698FFF77EF9032801D8FFE734E1ED
:102400000A980599405C8DF81300059801300590F5
:1024100007980079002840F0AA80FFE79DF8130094
:1024200000098DF812000799022008719DF8130029
:10243000079948700798007800F00F00042814D11D
:10244000FFE79DF81300F7280AD1FFE79DF82E005B
:10245000000105300799087007990220487103E0D0
:10246000079904204871FFE780E09DF812000828D2
:1024700005DBFFE79DF812000C2805DBFFE79DF860
:1024800012000E280CD1FFE79DF82E109DF81200C7
:1024900040EA01100799087007990420487164E028
:1024A0009DF812000C2805D0FFE79DF812000D28BA
:1024B0000CD1FFE79DF82E109DF8120040EA0110A4
:1024C000079908700799032048714DE09DF81200A4
:1024D0000F2839D1FFE79DF81300F02806D1FFE758
:1024E0000799042008700799487125E09DF81300AA
:1024F000F12805D0FFE79DF81300F32807D1FFE787
:1025000007990220087007990320487113E09DF88D
:102510001300F22807D1FFE70799032008700799F5
:102520000420487106E007990520087007990220E9
:102530004871FFE7FFE7FFE79DF82E20079908782D
:1025400040EA021008700EE09DF82E0000010F30E6
:10255000079908700799002088700799C870079933
:1025600002204871FFE7FFE7FFE7FFE73BE0FFE7F7
:1025700007980079042813DBFFE7FFE7FFE7FFE791
:102580004EF6F050CEF20000039003980068C007AA
:1025900010B1FFE700BEFFE7FFE705980C906AE087
:1025A000FFE79DF8130007990A798854079908797D
:1025B000013008710798007800F00F00042811D14D
:1025C000FFE79DF81300F7280CD1FFE79DF82E20B8
:1025D00007990879033040EA0210087007990879D2
:1025E0004871FFE7FFE707990879497988423BD1AD
:1025F000FFE7079840798DF80B00FFE79DF80B0087
:1026000003280CDCFFE707999DF80B200020885475
:10261000FFE79DF80B0001308DF80B00EEE7069800
:1026200007990422FEF7F0FF0190079900204871F6
:1026300007990871FFE70198042813D0FFE7FFE727
:10264000FFE7FFE74EF6F050CEF200000090009852
:102650000068C00710B1FFE700BEFFE7FFE705987D
:102660000C9008E0FFE7FFE7BDE60698FFF78EF85D
:1026700005980C90FFE70C980EB080BD81B08DF8E6
:10268000030001B0704700007047000040F27A205C
:10269000C2F200000079002818BF01207047000036
:1026A0007047000080B58EB08DF826000891FFF7C6
:1026B000BBFD20B1FFE701208DF827001FE1FFE7F8
:1026C0000898A0B9FFE7FFE7FFE7FFE74EF6F050F5
:1026D000CEF20000079007980068C00710B1FFE72E
:1026E00000BEFFE7FFE700208DF8270007E1FFE7C6
:1026F00040F27A20C2F200003721EDF70FFF40F2DE
:102700007831C2F200010020087040F23000C2F2BD
:1027100000000A9040F21800C2F200000B900B98E3
:102720000830FFF763F90B9840F2B421C2F20001C0
:102730000860FFE740F2B420C2F200000068A0B9D0
:10274000FFE7FFE7FFE7FFE74EF6F050CEF20000AD
:10275000069006980068C00710B1FFE700BEFFE7CB
:10276000FFE700208DF82700C9E0FFE740F22010C6
:10277000C2F2000000F01CFB40F21C11C2F200018A
:102780000860FFE740F22010C2F20000007801303C
:10279000B0F5807F14DBFFE7FFE7FFE7FFE74EF6CA
:1027A000F050CEF20000059005980068C00710B107
:1027B000FFE700BEFFE7FFE700208DF827009EE05F
:1027C000FFE700208DF81300FFE79DF8130040F2AB
:1027D0002011C2F2000109780131C9B2884262DADF
:1027E000FFE79DF813008DF8370000200C909DF84E
:1027F000370040F22011C2F20001097888420DDA58
:10280000FFE740F21C10C2F2000000689DF837108C
:1028100001EBC10100EB81000C901BE040F22010A5
:10282000C2F2000001789DF83700401A8DF8370099
:102830009DF8370000280CDCFFE79DF8370000EB1F
:10284000C00143F2F050C0F6010000EB81000C9093
:10285000FFE7FFE70C980390FFE7039820B1FFE73D
:1028600003984068A0B9FFE7FFE7FFE7FFE74EF6F0
:10287000F050CEF20000029002980068C00710B13C
:10288000FFE700BEFFE7FFE700208DF8270036E0F6
:10289000FFE7039840688047FFE79DF81300013089
:1028A0008DF8130091E79DF8260040F22C01C2F24A
:1028B00000010870FFE79DF826000899FBF7AEFBC2
:1028C000A0B9FFE7FFE7FFE7FFE74EF6F050CEF2D3
:1028D0000000019001980068C00710B1FFE700BE3A
:1028E000FFE7FFE700208DF8270008E0FFE79DF8ED
:1028F0002600FBF7D3FB01208DF82700FFE79DF8AA
:1029000027000EB080BD000081B0009001B070477C
:1029100081B08DF8030001B07047000080B598B019
:102920000D908DF83310FFF77FFC08B9FFE7AAE19F
:1029300000200B90FFE70B98102801D3FFE7A2E1DE
:1029400040F2B420C2F2000001680D98129108A96B
:102950001191109012980168002002908847029B04
:10296000129800F108021199808817921691ADF81B
:10297000560017981699BDF85620FFF707F900285A
:1029800018BF01208DF83F00129801680120884788
:102990009DF83F00C00708B9FFE774E19DF82100EA
:1029A000013801460191072800F259810199DFE8B9
:1029B00011F00800140041011A012D011B007400E0
:1029C00039019DF8200000F0DDFD9DF8240040F263
:1029D0007A21C2F20001487150E19DF8200000F018
:1029E000D1FD00F053F949E1FFE740F27830C2F23F
:1029F00000000078002811DCFFE7FFE7FFE7FFE7B2
:102A00004EF6F050CEF20000079007980068C0071D
:102A100010B1FFE700BEFFE7FFE734E1FFE740F258
:102A20007830C2F20000017801390170007808B1F5
:102A3000FFE723E140F27A21C2F200010091012078
:102A4000087091F8270000F0FE0081F8270091F847
:102A5000270000F0FB0081F8270091F8280000F023
:102A6000FE0081F8280091F8280000F0FB0081F8B2
:102A700028009DF8200008A90431FDF777FC58B91B
:102A8000FFE79DF820000021FAF7AEFD9DF8200039
:102A90008021FAF7A9FDFFE7F0E09DF824008DF80A
:102AA0001B009DF81B008DF84D009DF84D0000F0B7
:102AB0000F008DF81A009DF81B008DF84E009DF850
:102AC0004E00C0098DF819009DF81A1040F27A20C6
:102AD000C2F20000273000EB41029DF81930D15CB2
:102AE00001F0FE01D1549DF81A1000EB41019DF850
:102AF0001920885C00F0FB0088549DF81A0050B93A
:102B0000FFE79DF81B109DF820009DF825200A9BEB
:102B100000F07EF966E09DF81A1040F27A20C2F2C9
:102B2000000000EB41009DF819100844C07D8DF8AD
:102B30003E0000200E909DF83E0040F22011C2F2AF
:102B40000001097888420DDAFFE740F21C10C2F25A
:102B5000000000689DF83E1001EBC10100EB810010
:102B60000E901BE040F22010C2F2000001789DF8A8
:102B70003E00401A8DF83E009DF83E0000280CDC17
:102B8000FFE79DF83E0000EBC00143F2F050C0F6B5
:102B9000010000EB81000E90FFE7FFE70E98059023
:102BA000FFE7059888B9FFE7FFE7FFE7FFE74EF685
:102BB000F050CEF20000049004980068C00710B1F5
:102BC000FFE700BEFFE7FFE75DE0FFE70598D0F80D
:102BD00018C09DF81B109DF820009DF825200A9B29
:102BE000E047FFE74AE040F27A20C2F200000078B6
:102BF00050B1FFE740F27A20C2F20000C078C0F383
:102C00004000FFF785FE00E0FFE737E040F27A2062
:102C1000C2F20000007818B1FFE7FFF741FD00E0C5
:102C2000FFE72BE0099820B1FFE709990A98884748
:102C3000FFE723E040F27A20C2F20000807914908E
:102C400000208DF84F0014989DF84F10C840C00721
:102C500020B1FFE70998FFF757FEFFE70EE0FFE717
:102C60004EF6F050CEF20000039003980068C007C3
:102C700010B1FFE700BEFFE7FFE7FFE7FFE70B98B4
:102C800001300B9057E618B080BD0000704700007F
:102C900082B08DF807008DF806100092002002B077
:102CA000704700007047000080B586B08DF81600B0
:102CB0000491049848BBFFE70120ADF80E00FFE740
:102CC00000200DF10E01FFF7EDFCA0B9FFE7FFE7D3
:102CD000FFE7FFE74EF6F050CEF2000002900298B8
:102CE0000068C00710B1FFE700BEFFE7FFE7002064
:102CF0008DF8170058E0FFE740F27821C2F200019A
:102D0000012008708DF817004EE0FFE79DF81600CF
:102D1000012804DCFFE704980078A0B9FFE7FFE78B
:102D2000FFE7FFE74EF6F050CEF200000190019869
:102D30000068C00710B1FFE700BEFFE7FFE7002013
:102D40008DF8170030E0FFE7049800789DF8162012
:102D500040F27821C2F200018854049800780128DA
:102D60001ED1FFE7FFE79DF816000499FFF79AFCD4
:102D7000A0B9FFE7FFE7FFE7FFE74EF6F050CEF21E
:102D80000000009000980068C00710B1FFE700BE87
:102D9000FFE7FFE700208DF8170005E0FFE7FFE7FA
:102DA00001208DF81700FFE79DF8170006B080BDE1
:102DB00081B0009000990020087001B070470000B9
:102DC00040F26411C2F2000100200861C86088600E
:102DD000486008607047000081B00090009840F2A1
:102DE0006411C2F20001086101B0704781B0009027
:102DF000009908684A6840F26411C2F200014A6012
:102E0000086000208860C881888101B07047000098
:102E100080B588B08DF81D008DF81C108DF81B2032
:102E200005939DF81C008DF81F009DF81F00C00938
:102E300040F26411C2F200010978B0EBD11F34D026
:102E4000FFE7FFE70598A0B1FFE7FFE7FFE7FFE730
:102E50004EF6F050CEF20000049004980068C007CF
:102E600010B1FFE700BEFFE7FFE700208DF81E006E
:102E7000BDE0FFE79DF81D0040F26411C2F20001C1
:102E80000091FAF79DF80098006950B1FFE740F211
:102E90006412C2F2000213699DF81D0003219847D5
:102EA000FFE701208DF81E00A1E040F26410C2F29D
:102EB000000001780020B0EBD11F1AD1FFE7FFE737
:102EC00040F26410C2F20000806820B9FFE70020E1
:102ED0008DF81E008BE0FFE740F26410C2F20000A4
:102EE0008068059A40F22411C2F20001EDF7D1FA90
:102EF000FFE7059A40F26411C2F20001C88910444C
:102F0000C881059A886810448860C888C989884241
:102F100004D0FFE705983F2848D8FFE701208DF847
:102F20000F0040F26410C2F20000006960B1FFE7D8
:102F300040F26412C2F2000213699DF81D000221E2
:102F400098478DF80F00FFE79DF80F00C00708B302
:102F5000FFE7FFE79DF81D0040F26411C2F2000197
:102F6000FEF74CF8A0B9FFE7FFE7FFE7FFE74EF6F3
:102F7000F050CEF20000029002980068C00710B135
:102F8000FFE700BEFFE7FFE700208DF81E002EE000
:102F9000FFE70AE09DF81D000021FAF725FB9DF8E8
:102FA0001D008021FAF720FBFFE71CE0FFE79DF8FA
:102FB0001D00F9F75FFFA0B9FFE7FFE7FFE7FFE7B5
:102FC0004EF6F050CEF20000019001980068C00764
:102FD00010B1FFE700BEFFE7FFE700208DF81E00FD
:102FE00005E0FFE7FFE701208DF81E00FFE79DF8F1
:102FF0001E0008B080BD000080B584B08DF80D00C3
:103000008DF80C109DF80C008DF80E009DF80E0048
:1030100000F00F008DF80B009DF80C008DF80F00EC
:103020009DF80F00C0098DF80A009DF80B1040F2C2
:103030007A20C2F2000000EB41009DF80A1008441B
:103040002730019001980021FEF71AF904B080BDE5
:1030500080B582B08DF805008DF8041040F22C0088
:10306000C2F2000000788DF805009DF804008DF88C
:1030700006009DF8060000F00F008DF803009DF893
:1030800004008DF807009DF80700C0098DF80200C4
:103090009DF805009DF80410F9F7BCFF9DF803109A
:1030A00040F27A20C2F20000273000EB41029DF886
:1030B0000230D15C01F0FD01D1549DF8031000EB0A
:1030C00041019DF80220885C00F0FE00885402B0A7
:1030D00080BD000080B586B08DF81000039140F2ED
:1030E0002C00C2F2000000788DF81000FFE7039872
:1030F00080788DF812009DF8120000F00F0008286B
:1031000014DBFFE7FFE7FFE7FFE74EF6F050CEF2F4
:103110000000029002980068C00710B1FFE700BEEF
:10312000FFE7FFE700208DF811002AE0FFE7FFE747
:10313000039940F27A20C2F20000407905918DF89F
:1031400013000120A0B9FFE7FFE7FFE7FFE74EF616
:10315000F050CEF20000019001980068C00710B155
:10316000FFE700BEFFE7FFE700208DF8110008E051
:10317000FFE79DF810000399FAF7BCF88DF81100ED
:10318000FFE79DF8110006B080BD000080B584B057
:103190008DF80D008DF80C109DF80C008DF80E00C8
:1031A0009DF80E0000F00F008DF80B009DF80C004C
:1031B0008DF80F009DF80F00C0098DF80A009DF8EA
:1031C0000B1040F27A20C2F2000000EB41009DF8A3
:1031D0000A1008442730019001980021FEF794F866
:1031E00004B080BD80B582B08DF805008DF8041064
:1031F00040F22C00C2F2000000788DF805009DF826
:1032000004008DF806009DF8060000F00F008DF810
:1032100003009DF804008DF807009DF80700C00921
:103220008DF802009DF805009DF80410FAF7DCF90E
:103230009DF8031040F27A20C2F20000273000EB24
:1032400041029DF80230D15C41F00201D1549DF859
:10325000031000EB41019DF80220885C40F0010062
:10326000885402B080BD000082B08DF805008DF852
:1032700004109DF804008DF806009DF8060000F08B
:103280000F008DF803009DF804008DF807009DF8ED
:103290000700C0098DF802009DF8031040F27A2063
:1032A000C2F2000000EB41009DF80210084490F8C3
:1032B0002700C0F3400002B07047000080B588B01E
:1032C00084460A988DF81CC08DF81B100592ADF845
:1032D00012308DF8110040F22C00C2F2000000788C
:1032E0008DF81C009DF81B008DF81E009DF81E0037
:1032F00000F00F008DF810009DF81B008DF81F00E6
:103300009DF81F00C0098DF80F00FFE79DF8101011
:1033100040F27A20C2F2000000EB41009DF80F104D
:10332000084490F82700C007A0B1FFE7FFE7FFE7D8
:10333000FFE74EF6F050CEF20000029002980068CF
:10334000C00710B1FFE700BEFFE7FFE700208DF8E0
:103350001D0052E0FFE79DF8101040F27A20C2F203
:10336000000000EB41009DF80F10014491F8270088
:1033700040F0010081F827009DF81C009DF81B100B
:10338000059ABDF812309DF811C00CF0010CEE4604
:10339000CEF800C0FAF7E6F920B1FFE701208DF87A
:1033A0001D002AE09DF8101040F27A20C2F20000C1
:1033B000273000EB41029DF80F30D15C01F0FE0197
:1033C000D1549DF8101000EB41019DF80F20885C4E
:1033D00000F0FB008854FFE74EF6F050CEF20000FC
:1033E000019001980068C00710B1FFE700BEFFE739
:1033F000FFE700208DF81D00FFE79DF81D0008B0D5
:1034000080BD000080B588B084460A988DF81CC045
:103410008DF81B100592ADF812308DF8110040F2B6
:103420002C00C2F2000000788DF81C009DF81B00F3
:103430008DF81E009DF81E0000F00F008DF81000A2
:103440009DF81B008DF81F009DF81F00C0098DF826
:103450000F00FFE79DF8101040F27A20C2F2000042
:1034600000EB41009DF80F10084490F82700C007BA
:10347000A0B1FFE7FFE7FFE7FFE74EF6F050CEF21F
:103480000000029002980068C00710B1FFE700BE7C
:10349000FFE7FFE700208DF81D0052E0FFE79DF8F1
:1034A000101040F27A20C2F2000000EB41009DF8BB
:1034B0000F10014491F8270040F0010081F8270027
:1034C0009DF81C009DF81B10059ABDF812309DF860
:1034D00011C00CF0010CEE46CEF800C0FAF78EF9E0
:1034E00020B1FFE701208DF81D002AE09DF81010A3
:1034F00040F27A20C2F20000273000EB41029DF832
:103500000F30D15C01F0FE01D1549DF8101000EB9A
:1035100041019DF80F20885C00F0FB008854FFE714
:103520004EF6F050CEF20000019001980068C007FE
:1035300010B1FFE700BEFFE7FFE700208DF81D0098
:10354000FFE79DF81D0008B080BD000080B582B087
:103550008DF807009DF80700C00740B1FFE740F273
:103560002C00C2F200000078FAF798FD07E040F264
:103570002C00C2F200000078FAF76CFDFFE702B001
:1035800080BD000080B582B08DF807009DF807006F
:10359000F9F7BCFBFFF714FC02B080BDF1EE100A96
:1035A0004FF6FF71C0F2C03120EA010040F04070D8
:1035B000E1EE100A7047090400000000000000005E
:1035C00001020304060708090000000001020304C9
:1035D0000D00000618000020010002000400060093
:1035E00008000A000C0010002000400080000001CC
:1035F00000000000B1FB000865FB000805000108A1
:103600005DFC000851FB0008890001080000000073
:10361000000000001201000200000040FECA01404C
:103620000001010203010902650002010080320964
:10363000040000000101000009240100010900014B
:1036400001090401000201030000072401000141F7
:1036500000062402010100062402020200092403DC
:103660000103010201000924030204010101000910
:103670000501024000000000052501010109058146
:103680000240000000000525010103004A0031321C
:10369000333435360054696E79555342204D4944D0
:1036A00049004A61726E6F2773204D494449204397
:1036B0006F6E74726F6C6C65720053544D696372F7
:1036C0006F656C656374726F6E6963730031363A4F
:1036D00033333A3031000000F83601080000002092
:1036E00058000000B80200085037010858000020B8
:1036F00010100000D80200080F000000810A000826
:103700000008024200440040FFFFFFFF0090D0038A
:103710004D3501080C000000B8020020C000000078
:1037200000000000FF0000004D350108000000000F
:1037300001000000B6350108BA360108A2360108BA
:103740008E360108953601080100000010000000C7
:040000050800025598
:00000001FF
